source,locale,key,english,current_translation,corrected_translation (native reader fills)
app,ar,referralTitle,Invite friends,ادعُ أصدقاءك,
app,ar,referralSubtitle,Earn coins when a friend joins,اربح عملات عندما ينضم صديق,
app,ar,referralYourCode,Your invite code,رمز الدعوة الخاص بك,
app,ar,referralInvitedCount,Invited: {count},المدعوون: {count},
app,ar,referralShareText,Join me on BananaTalk — practice languages with real people. Use my invite code {code}: {link},انضم إليّ على BananaTalk — تدرّب على اللغات مع أشخاص حقيقيين. استخدم رمز الدعوة الخاص بي {code}: {link},
app,ar,referralCopy,Copy,نسخ,
app,ar,referralShare,Share,مشاركة,
app,ar,referralCopied,Copied,تم النسخ,
app,ar,referralClaimed,You earned {coins} coins!,لقد ربحت {coins} عملة!,
app,ar,referralHowItWorks,"When a friend signs up with your code and completes their profile, you both get coins.",عندما يسجّل صديق برمزك ويُكمل ملفه الشخصي، يحصل كلاكما على عملات.,
app,ar,boostTitle,Boost my profile,عزّز ملفي الشخصي,
app,ar,boostSubtitle,Be seen by more partners for 24h,يراك المزيد من الشركاء لمدة 24 ساعة,
app,ar,boostFromMatches,Get seen by more people,ليراك المزيد من الأشخاص,
app,ar,boostedChip,Boosted,معزَّز,
app,ar,boostCapacityFull,All boost slots are taken right now — try again in a few hours,جميع أماكن التعزيز ممتلئة الآن — حاول مجددًا بعد ساعات قليلة,
app,ar,extraMatchesCta,+3 more matches — {cost} coins,+3 تطابقات إضافية — {cost} عملة,
app,ar,boostExplain,"Be the 6th match for everyone whose languages fit you, for 24 hours.",كن التطابق السادس لكل من تناسبه لغاتك، لمدة 24 ساعة.,
app,ar,boostCostLine,Cost: {cost} coins,التكلفة: {cost} عملة,
app,ar,boostBalanceLine,Your balance: {balance} coins,رصيدك: {balance} عملة,
app,ar,boostConfirm,Confirm boost,تأكيد التعزيز,
app,ar,boostActiveTitle,Your boost is live,تعزيزك نشط,
app,ar,boostTimeLeft,{time} left,المتبقي {time},
app,ar,boostSeenBy,Seen by {count} people so far,شاهدك {count} أشخاص حتى الآن,
app,ar,boostFailed,Couldn't start your boost. Please try again.,تعذّر بدء التعزيز. يُرجى المحاولة مرة أخرى.,
app,ar,rewardedLimitReached,You've used today's free unlocks for this — try again tomorrow,لقد استخدمت عمليات الفتح المجانية لهذا اليوم — حاول مجددًا غدًا,
app,ar,wavesMaskedTitle,Someone waved at you,لوّح لك أحدهم,
app,ar,wavesMaskedBody,"Reveal who for {cost} coins, or go VIP",اكشف من هو مقابل {cost} عملة، أو اشترك في VIP,
app,ar,wavesMaskedBodyVip,Go VIP to see who waved at you,اشترك في VIP لتعرف من لوّح لك,
app,ar,perkAdFree,No ads,بدون إعلانات,
app,ar,perkUnlimitedMatches,Unlimited daily matches,مطابقات يومية غير محدودة,
app,ar,perkRevealWaves,See who waved and viewed you,اعرف من لوّح لك ومن زار ملفك,
app,ar,perkUnlimitedWaves,Unlimited waves,تلويحات غير محدودة,
app,ar,perkAdvancedFilters,Advanced partner filters,فلاتر متقدمة للشركاء,
app,ar,vipFromMatches,VIP: unlimited matches,VIP: مطابقات غير محدودة,
app,ar,vipRemoveAds,Remove ads,إزالة الإعلانات,
app,ar,limitUnlockedRetry,Unlocked — sending again,تم الفتح — جارٍ الإرسال مرة أخرى,
app,ar,rewardedUnlockSuccess,Unlocked! You can try again now.,تم الفتح! يمكنك المحاولة مرة أخرى الآن.,
app,ar,extraMatchesMaxed,You already have the maximum extra matches for today,لديك بالفعل الحد الأقصى من التطابقات الإضافية لهذا اليوم,
app,ar,wavesMaskedTitleCount,"{count, plural, =1{Someone waved at you} other{{count} people waved at you}}","{count, plural, =1{شخص ما لوّح لك} other{{count} أشخاص لوّحوا لك}}",
app,ar,visitorsMaskedTitle,"{count, plural, =1{Someone viewed your profile} other{{count} people viewed your profile}}","{count, plural, =1{شخص ما شاهد ملفك الشخصي} other{{count} أشخاص شاهدوا ملفك الشخصي}}",
app,ar,visitorsMaskedBody,"See who for {cost} coins, or go VIP",اعرف من هم مقابل {cost} عملة، أو اشترك في VIP,
app,ar,visitorsMaskedBodyVip,Go VIP to see who viewed your profile,اشترك في VIP لترى من شاهد ملفك الشخصي,
app,ar,boostDurationHm,{hours}h {minutes}m,{hours}س {minutes}د,
app,ar,boostDurationM,{minutes}m,{minutes}د,
app,ar,boostEndingSoon,Ending soon,ينتهي قريبًا,
app,ar,coinAmount,💎{cost},💎{cost},
app,ar,unlockedMore,Unlocked +{count} more!,تم فتح {count} إضافية!,
app,ar,getMoreCoins,Get more coins,احصل على المزيد من العملات,
app,ar,unlockFailed,Could not unlock right now.,تعذر الفتح الآن.,
app,ar,unlockGrantForCoins,Unlock {count} for 💎{cost},افتح {count} مقابل 💎{cost},
app,de,referralTitle,Invite friends,Freunde einladen,
app,de,referralSubtitle,Earn coins when a friend joins,"Verdiene Münzen, wenn ein Freund beitritt",
app,de,referralYourCode,Your invite code,Dein Einladungscode,
app,de,referralInvitedCount,Invited: {count},Eingeladen: {count},
app,de,referralShareText,Join me on BananaTalk — practice languages with real people. Use my invite code {code}: {link},Mach mit bei BananaTalk — übe Sprachen mit echten Menschen. Nutze meinen Einladungscode {code}: {link},
app,de,referralCopy,Copy,Kopieren,
app,de,referralShare,Share,Teilen,
app,de,referralCopied,Copied,Kopiert,
app,de,referralClaimed,You earned {coins} coins!,Du hast {coins} Münzen verdient!,
app,de,referralHowItWorks,"When a friend signs up with your code and completes their profile, you both get coins.","Wenn sich ein Freund mit deinem Code registriert und sein Profil vervollständigt, bekommt ihr beide Münzen.",
app,de,boostTitle,Boost my profile,Mein Profil boosten,
app,de,boostSubtitle,Be seen by more partners for 24h,24 Std. von mehr Partnern gesehen werden,
app,de,boostFromMatches,Get seen by more people,Von mehr Leuten gesehen werden,
app,de,boostedChip,Boosted,Geboostet,
app,de,boostCapacityFull,All boost slots are taken right now — try again in a few hours,Alle Boost-Plätze sind gerade belegt — versuche es in ein paar Stunden erneut,
app,de,extraMatchesCta,+3 more matches — {cost} coins,+3 weitere Matches — {cost} Münzen,
app,de,boostExplain,"Be the 6th match for everyone whose languages fit you, for 24 hours.","Sei 24 Stunden lang das 6. Match für alle, deren Sprachen zu dir passen.",
app,de,boostCostLine,Cost: {cost} coins,Kosten: {cost} Münzen,
app,de,boostBalanceLine,Your balance: {balance} coins,Dein Guthaben: {balance} Münzen,
app,de,boostConfirm,Confirm boost,Boost bestätigen,
app,de,boostActiveTitle,Your boost is live,Dein Boost ist aktiv,
app,de,boostTimeLeft,{time} left,Noch {time},
app,de,boostSeenBy,Seen by {count} people so far,Bisher von {count} Personen gesehen,
app,de,boostFailed,Couldn't start your boost. Please try again.,Dein Boost konnte nicht gestartet werden. Bitte versuche es erneut.,
app,de,rewardedLimitReached,You've used today's free unlocks for this — try again tomorrow,Du hast die heutigen kostenlosen Freischaltungen dafür aufgebraucht – versuche es morgen wieder,
app,de,wavesMaskedTitle,Someone waved at you,Jemand hat dir gewinkt,
app,de,wavesMaskedBody,"Reveal who for {cost} coins, or go VIP","Für {cost} Münzen aufdecken, wer es war – oder VIP werden",
app,de,wavesMaskedBodyVip,Go VIP to see who waved at you,"Werde VIP, um zu sehen, wer dir gewinkt hat",
app,de,perkAdFree,No ads,Keine Werbung,
app,de,perkUnlimitedMatches,Unlimited daily matches,Unbegrenzte tägliche Matches,
app,de,perkRevealWaves,See who waved and viewed you,"Sieh, wer dir gewinkt und dein Profil besucht hat",
app,de,perkUnlimitedWaves,Unlimited waves,Unbegrenzt winken,
app,de,perkAdvancedFilters,Advanced partner filters,Erweiterte Partnerfilter,
app,de,vipFromMatches,VIP: unlimited matches,VIP: unbegrenzte Matches,
app,de,vipRemoveAds,Remove ads,Werbung entfernen,
app,de,limitUnlockedRetry,Unlocked — sending again,Freigeschaltet — wird erneut gesendet,
app,de,rewardedUnlockSuccess,Unlocked! You can try again now.,Freigeschaltet! Du kannst es jetzt erneut versuchen.,
app,de,extraMatchesMaxed,You already have the maximum extra matches for today,Du hast heute bereits die maximale Anzahl zusätzlicher Matches,
app,de,wavesMaskedTitleCount,"{count, plural, =1{Someone waved at you} other{{count} people waved at you}}","{count, plural, =1{Jemand hat dir gewinkt} other{{count} Personen haben dir gewinkt}}",
app,de,visitorsMaskedTitle,"{count, plural, =1{Someone viewed your profile} other{{count} people viewed your profile}}","{count, plural, =1{Jemand hat dein Profil angesehen} other{{count} Personen haben dein Profil angesehen}}",
app,de,visitorsMaskedBody,"See who for {cost} coins, or go VIP","Sieh für {cost} Münzen, wer es war, oder werde VIP",
app,de,visitorsMaskedBodyVip,Go VIP to see who viewed your profile,"Werde VIP, um zu sehen, wer dein Profil angesehen hat",
app,de,boostDurationHm,{hours}h {minutes}m,{hours} Std. {minutes} Min.,
app,de,boostDurationM,{minutes}m,{minutes} Min.,
app,de,boostEndingSoon,Ending soon,Endet bald,
app,de,coinAmount,💎{cost},💎{cost},
app,de,unlockedMore,Unlocked +{count} more!,+{count} weitere freigeschaltet!,
app,de,getMoreCoins,Get more coins,Mehr Münzen holen,
app,de,unlockFailed,Could not unlock right now.,Freischalten gerade nicht möglich.,
app,de,unlockGrantForCoins,Unlock {count} for 💎{cost},{count} für 💎{cost} freischalten,
app,es,referralTitle,Invite friends,Invitar amigos,
app,es,referralSubtitle,Earn coins when a friend joins,Gana monedas cuando un amigo se une,
app,es,referralYourCode,Your invite code,Tu código de invitación,
app,es,referralInvitedCount,Invited: {count},Invitados: {count},
app,es,referralShareText,Join me on BananaTalk — practice languages with real people. Use my invite code {code}: {link},Únete a mí en BananaTalk — practica idiomas con personas reales. Usa mi código de invitación {code}: {link},
app,es,referralCopy,Copy,Copiar,
app,es,referralShare,Share,Compartir,
app,es,referralCopied,Copied,Copiado,
app,es,referralClaimed,You earned {coins} coins!,¡Ganaste {coins} monedas!,
app,es,referralHowItWorks,"When a friend signs up with your code and completes their profile, you both get coins.","Cuando un amigo se registra con tu código y completa su perfil, ambos reciben monedas.",
app,es,boostTitle,Boost my profile,Impulsar mi perfil,
app,es,boostSubtitle,Be seen by more partners for 24h,Que te vean más compañeros durante 24 h,
app,es,boostFromMatches,Get seen by more people,Que te vea más gente,
app,es,boostedChip,Boosted,Impulsado,
app,es,boostCapacityFull,All boost slots are taken right now — try again in a few hours,Todos los cupos de impulso están ocupados ahora — inténtalo de nuevo en unas horas,
app,es,extraMatchesCta,+3 more matches — {cost} coins,+3 coincidencias más — {cost} monedas,
app,es,boostExplain,"Be the 6th match for everyone whose languages fit you, for 24 hours.",Sé la 6.ª coincidencia de todos los que encajan con tus idiomas durante 24 horas.,
app,es,boostCostLine,Cost: {cost} coins,Coste: {cost} monedas,
app,es,boostBalanceLine,Your balance: {balance} coins,Tu saldo: {balance} monedas,
app,es,boostConfirm,Confirm boost,Confirmar impulso,
app,es,boostActiveTitle,Your boost is live,Tu impulso está activo,
app,es,boostTimeLeft,{time} left,Quedan {time},
app,es,boostSeenBy,Seen by {count} people so far,Visto por {count} personas hasta ahora,
app,es,boostFailed,Couldn't start your boost. Please try again.,No se pudo iniciar tu impulso. Inténtalo de nuevo.,
app,es,rewardedLimitReached,You've used today's free unlocks for this — try again tomorrow,Has usado los desbloqueos gratuitos de hoy para esto — inténtalo de nuevo mañana,
app,es,wavesMaskedTitle,Someone waved at you,Alguien te saludó,
app,es,wavesMaskedBody,"Reveal who for {cost} coins, or go VIP","Descubre quién por {cost} monedas, o hazte VIP",
app,es,wavesMaskedBodyVip,Go VIP to see who waved at you,Hazte VIP para ver quién te saludó,
app,es,perkAdFree,No ads,Sin anuncios,
app,es,perkUnlimitedMatches,Unlimited daily matches,Coincidencias diarias ilimitadas,
app,es,perkRevealWaves,See who waved and viewed you,Mira quién te saludó y vio tu perfil,
app,es,perkUnlimitedWaves,Unlimited waves,Saludos ilimitados,
app,es,perkAdvancedFilters,Advanced partner filters,Filtros avanzados de compañeros,
app,es,vipFromMatches,VIP: unlimited matches,VIP: coincidencias ilimitadas,
app,es,vipRemoveAds,Remove ads,Quitar anuncios,
app,es,limitUnlockedRetry,Unlocked — sending again,Desbloqueado — enviando de nuevo,
app,es,rewardedUnlockSuccess,Unlocked! You can try again now.,¡Desbloqueado! Ya puedes intentarlo de nuevo.,
app,es,extraMatchesMaxed,You already have the maximum extra matches for today,Ya tienes el máximo de coincidencias extra por hoy,
app,es,wavesMaskedTitleCount,"{count, plural, =1{Someone waved at you} other{{count} people waved at you}}","{count, plural, =1{Alguien te saludó} other{{count} personas te saludaron}}",
app,es,visitorsMaskedTitle,"{count, plural, =1{Someone viewed your profile} other{{count} people viewed your profile}}","{count, plural, =1{Alguien vio tu perfil} other{{count} personas vieron tu perfil}}",
app,es,visitorsMaskedBody,"See who for {cost} coins, or go VIP","Descubre quién por {cost} monedas, o hazte VIP",
app,es,visitorsMaskedBodyVip,Go VIP to see who viewed your profile,Hazte VIP para ver quién vio tu perfil,
app,es,boostDurationHm,{hours}h {minutes}m,{hours} h {minutes} min,
app,es,boostDurationM,{minutes}m,{minutes} min,
app,es,boostEndingSoon,Ending soon,Termina pronto,
app,es,coinAmount,💎{cost},💎{cost},
app,es,unlockedMore,Unlocked +{count} more!,¡Desbloqueadas +{count} más!,
app,es,getMoreCoins,Get more coins,Conseguir más monedas,
app,es,unlockFailed,Could not unlock right now.,No se pudo desbloquear ahora.,
app,es,unlockGrantForCoins,Unlock {count} for 💎{cost},Desbloquear {count} por 💎{cost},
app,fr,referralTitle,Invite friends,Inviter des amis,
app,fr,referralSubtitle,Earn coins when a friend joins,Gagnez des pièces quand un ami s'inscrit,
app,fr,referralYourCode,Your invite code,Votre code d'invitation,
app,fr,referralInvitedCount,Invited: {count},Invités : {count},
app,fr,referralShareText,Join me on BananaTalk — practice languages with real people. Use my invite code {code}: {link},Rejoins-moi sur BananaTalk — pratique des langues avec de vraies personnes. Utilise mon code d'invitation {code} : {link},
app,fr,referralCopy,Copy,Copier,
app,fr,referralShare,Share,Partager,
app,fr,referralCopied,Copied,Copié,
app,fr,referralClaimed,You earned {coins} coins!,Vous avez gagné {coins} pièces !,
app,fr,referralHowItWorks,"When a friend signs up with your code and completes their profile, you both get coins.","Quand un ami s'inscrit avec votre code et complète son profil, vous recevez tous les deux des pièces.",
app,fr,boostTitle,Boost my profile,Booster mon profil,
app,fr,boostSubtitle,Be seen by more partners for 24h,Soyez vu par plus de partenaires pendant 24 h,
app,fr,boostFromMatches,Get seen by more people,Être vu par plus de monde,
app,fr,boostedChip,Boosted,Boosté,
app,fr,boostCapacityFull,All boost slots are taken right now — try again in a few hours,Tous les créneaux de boost sont pris pour le moment — réessayez dans quelques heures,
app,fr,extraMatchesCta,+3 more matches — {cost} coins,+3 correspondances — {cost} pièces,
app,fr,boostExplain,"Be the 6th match for everyone whose languages fit you, for 24 hours.","Soyez la 6e correspondance de toutes les personnes dont les langues vous conviennent, pendant 24 heures.",
app,fr,boostCostLine,Cost: {cost} coins,Coût : {cost} pièces,
app,fr,boostBalanceLine,Your balance: {balance} coins,Votre solde : {balance} pièces,
app,fr,boostConfirm,Confirm boost,Confirmer le boost,
app,fr,boostActiveTitle,Your boost is live,Votre boost est actif,
app,fr,boostTimeLeft,{time} left,{time} restant,
app,fr,boostSeenBy,Seen by {count} people so far,Vu par {count} personnes jusqu'ici,
app,fr,boostFailed,Couldn't start your boost. Please try again.,Impossible de lancer votre boost. Veuillez réessayer.,
app,fr,rewardedLimitReached,You've used today's free unlocks for this — try again tomorrow,Vous avez utilisé les déblocages gratuits du jour pour cela — réessayez demain,
app,fr,wavesMaskedTitle,Someone waved at you,Quelqu'un vous a fait signe,
app,fr,wavesMaskedBody,"Reveal who for {cost} coins, or go VIP","Découvrez qui pour {cost} pièces, ou passez VIP",
app,fr,wavesMaskedBodyVip,Go VIP to see who waved at you,Passez VIP pour voir qui vous a fait signe,
app,fr,perkAdFree,No ads,Sans publicité,
app,fr,perkUnlimitedMatches,Unlimited daily matches,Matchs quotidiens illimités,
app,fr,perkRevealWaves,See who waved and viewed you,Voyez qui vous a fait signe et a vu votre profil,
app,fr,perkUnlimitedWaves,Unlimited waves,Signes illimités,
app,fr,perkAdvancedFilters,Advanced partner filters,Filtres avancés de partenaires,
app,fr,vipFromMatches,VIP: unlimited matches,VIP : matchs illimités,
app,fr,vipRemoveAds,Remove ads,Supprimer les pubs,
app,fr,limitUnlockedRetry,Unlocked — sending again,Débloqué — nouvel envoi,
app,fr,rewardedUnlockSuccess,Unlocked! You can try again now.,Débloqué ! Vous pouvez réessayer maintenant.,
app,fr,extraMatchesMaxed,You already have the maximum extra matches for today,Vous avez déjà le maximum de matchs supplémentaires pour aujourd'hui,
app,fr,wavesMaskedTitleCount,"{count, plural, =1{Someone waved at you} other{{count} people waved at you}}","{count, plural, =1{Quelqu'un vous a fait coucou} other{{count} personnes vous ont fait coucou}}",
app,fr,visitorsMaskedTitle,"{count, plural, =1{Someone viewed your profile} other{{count} people viewed your profile}}","{count, plural, =1{Quelqu'un a consulté votre profil} other{{count} personnes ont consulté votre profil}}",
app,fr,visitorsMaskedBody,"See who for {cost} coins, or go VIP","Découvrez qui pour {cost} pièces, ou passez VIP",
app,fr,visitorsMaskedBodyVip,Go VIP to see who viewed your profile,Passez VIP pour voir qui a consulté votre profil,
app,fr,boostDurationHm,{hours}h {minutes}m,{hours} h {minutes} min,
app,fr,boostDurationM,{minutes}m,{minutes} min,
app,fr,boostEndingSoon,Ending soon,Se termine bientôt,
app,fr,coinAmount,💎{cost},💎{cost},
app,fr,unlockedMore,Unlocked +{count} more!,+{count} de plus débloqués !,
app,fr,getMoreCoins,Get more coins,Obtenir plus de pièces,
app,fr,unlockFailed,Could not unlock right now.,Impossible de débloquer pour le moment.,
app,fr,unlockGrantForCoins,Unlock {count} for 💎{cost},Débloquer {count} pour 💎{cost},
app,hi,referralTitle,Invite friends,दोस्तों को आमंत्रित करें,
app,hi,referralSubtitle,Earn coins when a friend joins,दोस्त के जुड़ने पर सिक्के कमाएँ,
app,hi,referralYourCode,Your invite code,आपका आमंत्रण कोड,
app,hi,referralInvitedCount,Invited: {count},आमंत्रित: {count},
app,hi,referralShareText,Join me on BananaTalk — practice languages with real people. Use my invite code {code}: {link},BananaTalk पर मेरे साथ जुड़ें — असली लोगों के साथ भाषाओं का अभ्यास करें। मेरा आमंत्रण कोड {code} इस्तेमाल करें: {link},
app,hi,referralCopy,Copy,कॉपी करें,
app,hi,referralShare,Share,शेयर करें,
app,hi,referralCopied,Copied,कॉपी हो गया,
app,hi,referralClaimed,You earned {coins} coins!,आपने {coins} सिक्के कमाए!,
app,hi,referralHowItWorks,"When a friend signs up with your code and completes their profile, you both get coins.","जब कोई दोस्त आपके कोड से साइन अप करके अपनी प्रोफ़ाइल पूरी करता है, तो आप दोनों को सिक्के मिलते हैं।",
app,hi,boostTitle,Boost my profile,मेरी प्रोफ़ाइल बूस्ट करें,
app,hi,boostSubtitle,Be seen by more partners for 24h,24 घंटे तक ज़्यादा पार्टनर्स को दिखें,
app,hi,boostFromMatches,Get seen by more people,ज़्यादा लोगों को दिखें,
app,hi,boostedChip,Boosted,बूस्टेड,
app,hi,boostCapacityFull,All boost slots are taken right now — try again in a few hours,अभी सभी बूस्ट स्लॉट भरे हुए हैं — कुछ घंटों बाद फिर कोशिश करें,
app,hi,extraMatchesCta,+3 more matches — {cost} coins,+3 और मैच — {cost} सिक्के,
app,hi,boostExplain,"Be the 6th match for everyone whose languages fit you, for 24 hours.",24 घंटे के लिए उन सभी के 6वें मैच बनें जिनकी भाषाएँ आपसे मेल खाती हैं।,
app,hi,boostCostLine,Cost: {cost} coins,कीमत: {cost} सिक्के,
app,hi,boostBalanceLine,Your balance: {balance} coins,आपका बैलेंस: {balance} सिक्के,
app,hi,boostConfirm,Confirm boost,बूस्ट की पुष्टि करें,
app,hi,boostActiveTitle,Your boost is live,आपका बूस्ट चालू है,
app,hi,boostTimeLeft,{time} left,{time} बाकी,
app,hi,boostSeenBy,Seen by {count} people so far,अब तक {count} लोगों ने देखा,
app,hi,boostFailed,Couldn't start your boost. Please try again.,बूस्ट शुरू नहीं हो सका। कृपया फिर कोशिश करें।,
app,hi,rewardedLimitReached,You've used today's free unlocks for this — try again tomorrow,आपने इसके लिए आज के मुफ़्त अनलॉक इस्तेमाल कर लिए हैं — कल फिर कोशिश करें,
app,hi,wavesMaskedTitle,Someone waved at you,किसी ने आपको वेव किया,
app,hi,wavesMaskedBody,"Reveal who for {cost} coins, or go VIP","{cost} सिक्कों में जानें कौन, या VIP बनें",
app,hi,wavesMaskedBodyVip,Go VIP to see who waved at you,किसने वेव किया यह देखने के लिए VIP बनें,
app,hi,perkAdFree,No ads,कोई विज्ञापन नहीं,
app,hi,perkUnlimitedMatches,Unlimited daily matches,असीमित दैनिक मैच,
app,hi,perkRevealWaves,See who waved and viewed you,देखें किसने वेव किया और आपकी प्रोफ़ाइल देखी,
app,hi,perkUnlimitedWaves,Unlimited waves,असीमित वेव,
app,hi,perkAdvancedFilters,Advanced partner filters,उन्नत पार्टनर फ़िल्टर,
app,hi,vipFromMatches,VIP: unlimited matches,VIP: असीमित मैच,
app,hi,vipRemoveAds,Remove ads,विज्ञापन हटाएँ,
app,hi,limitUnlockedRetry,Unlocked — sending again,अनलॉक हो गया — फिर से भेजा जा रहा है,
app,hi,rewardedUnlockSuccess,Unlocked! You can try again now.,अनलॉक हो गया! अब आप फिर से कोशिश कर सकते हैं।,
app,hi,extraMatchesMaxed,You already have the maximum extra matches for today,आज के लिए आपके पास पहले से ही अधिकतम अतिरिक्त मैच हैं,
app,hi,wavesMaskedTitleCount,"{count, plural, =1{Someone waved at you} other{{count} people waved at you}}","{count, plural, =1{किसी ने आपको वेव किया} other{{count} लोगों ने आपको वेव किया}}",
app,hi,visitorsMaskedTitle,"{count, plural, =1{Someone viewed your profile} other{{count} people viewed your profile}}","{count, plural, =1{किसी ने आपकी प्रोफ़ाइल देखी} other{{count} लोगों ने आपकी प्रोफ़ाइल देखी}}",
app,hi,visitorsMaskedBody,"See who for {cost} coins, or go VIP","{cost} कॉइन में देखें कौन है, या VIP बनें",
app,hi,visitorsMaskedBodyVip,Go VIP to see who viewed your profile,VIP बनें और देखें किसने आपकी प्रोफ़ाइल देखी,
app,hi,boostDurationHm,{hours}h {minutes}m,{hours}घं {minutes}मि,
app,hi,boostDurationM,{minutes}m,{minutes}मि,
app,hi,boostEndingSoon,Ending soon,जल्द समाप्त हो रहा है,
app,hi,coinAmount,💎{cost},💎{cost},
app,hi,unlockedMore,Unlocked +{count} more!,+{count} और अनलॉक हुए!,
app,hi,getMoreCoins,Get more coins,और कॉइन पाएं,
app,hi,unlockFailed,Could not unlock right now.,अभी अनलॉक नहीं हो सका।,
app,hi,unlockGrantForCoins,Unlock {count} for 💎{cost},💎{cost} में {count} अनलॉक करें,
app,id,referralTitle,Invite friends,Undang teman,
app,id,referralSubtitle,Earn coins when a friend joins,Dapatkan koin saat teman bergabung,
app,id,referralYourCode,Your invite code,Kode undanganmu,
app,id,referralInvitedCount,Invited: {count},Diundang: {count},
app,id,referralShareText,Join me on BananaTalk — practice languages with real people. Use my invite code {code}: {link},Gabung bersamaku di BananaTalk — latihan bahasa dengan orang sungguhan. Pakai kode undanganku {code}: {link},
app,id,referralCopy,Copy,Salin,
app,id,referralShare,Share,Bagikan,
app,id,referralCopied,Copied,Disalin,
app,id,referralClaimed,You earned {coins} coins!,Kamu mendapatkan {coins} koin!,
app,id,referralHowItWorks,"When a friend signs up with your code and completes their profile, you both get coins.","Saat teman mendaftar dengan kodemu dan melengkapi profilnya, kalian berdua mendapatkan koin.",
app,id,boostTitle,Boost my profile,Boost profilku,
app,id,boostSubtitle,Be seen by more partners for 24h,Dilihat lebih banyak partner selama 24 jam,
app,id,boostFromMatches,Get seen by more people,Dilihat lebih banyak orang,
app,id,boostedChip,Boosted,Di-boost,
app,id,boostCapacityFull,All boost slots are taken right now — try again in a few hours,Semua slot boost sedang penuh — coba lagi dalam beberapa jam,
app,id,extraMatchesCta,+3 more matches — {cost} coins,+3 kecocokan lagi — {cost} koin,
app,id,boostExplain,"Be the 6th match for everyone whose languages fit you, for 24 hours.",Jadilah kecocokan ke-6 bagi semua orang yang bahasanya cocok denganmu selama 24 jam.,
app,id,boostCostLine,Cost: {cost} coins,Biaya: {cost} koin,
app,id,boostBalanceLine,Your balance: {balance} coins,Saldomu: {balance} koin,
app,id,boostConfirm,Confirm boost,Konfirmasi boost,
app,id,boostActiveTitle,Your boost is live,Boost-mu sedang aktif,
app,id,boostTimeLeft,{time} left,Sisa {time},
app,id,boostSeenBy,Seen by {count} people so far,Sudah dilihat {count} orang,
app,id,boostFailed,Couldn't start your boost. Please try again.,Tidak bisa memulai boost. Silakan coba lagi.,
app,id,rewardedLimitReached,You've used today's free unlocks for this — try again tomorrow,Kamu sudah memakai pembukaan gratis hari ini untuk ini — coba lagi besok,
app,id,wavesMaskedTitle,Someone waved at you,Seseorang menyapamu,
app,id,wavesMaskedBody,"Reveal who for {cost} coins, or go VIP","Lihat siapa dengan {cost} koin, atau jadi VIP",
app,id,wavesMaskedBodyVip,Go VIP to see who waved at you,Jadi VIP untuk melihat siapa yang menyapamu,
app,id,perkAdFree,No ads,Tanpa iklan,
app,id,perkUnlimitedMatches,Unlimited daily matches,Pencocokan harian tanpa batas,
app,id,perkRevealWaves,See who waved and viewed you,Lihat siapa yang menyapa dan melihat profilmu,
app,id,perkUnlimitedWaves,Unlimited waves,Sapaan tanpa batas,
app,id,perkAdvancedFilters,Advanced partner filters,Filter partner lanjutan,
app,id,vipFromMatches,VIP: unlimited matches,VIP: pencocokan tanpa batas,
app,id,vipRemoveAds,Remove ads,Hapus iklan,
app,id,limitUnlockedRetry,Unlocked — sending again,Terbuka — mengirim ulang,
app,id,rewardedUnlockSuccess,Unlocked! You can try again now.,Terbuka! Sekarang kamu bisa mencoba lagi.,
app,id,extraMatchesMaxed,You already have the maximum extra matches for today,Kamu sudah memiliki jumlah maksimum match tambahan hari ini,
app,id,wavesMaskedTitleCount,"{count, plural, =1{Someone waved at you} other{{count} people waved at you}}","{count, plural, =1{Seseorang melambai padamu} other{{count} orang melambai padamu}}",
app,id,visitorsMaskedTitle,"{count, plural, =1{Someone viewed your profile} other{{count} people viewed your profile}}","{count, plural, =1{Seseorang melihat profilmu} other{{count} orang melihat profilmu}}",
app,id,visitorsMaskedBody,"See who for {cost} coins, or go VIP","Lihat siapa dengan {cost} koin, atau jadi VIP",
app,id,visitorsMaskedBodyVip,Go VIP to see who viewed your profile,Jadi VIP untuk melihat siapa yang melihat profilmu,
app,id,boostDurationHm,{hours}h {minutes}m,{hours}j {minutes}m,
app,id,boostDurationM,{minutes}m,{minutes}m,
app,id,boostEndingSoon,Ending soon,Segera berakhir,
app,id,coinAmount,💎{cost},💎{cost},
app,id,unlockedMore,Unlocked +{count} more!,+{count} lagi terbuka!,
app,id,getMoreCoins,Get more coins,Dapatkan koin lagi,
app,id,unlockFailed,Could not unlock right now.,Tidak bisa membuka sekarang.,
app,id,unlockGrantForCoins,Unlock {count} for 💎{cost},Buka {count} seharga 💎{cost},
app,it,referralTitle,Invite friends,Invita amici,
app,it,referralSubtitle,Earn coins when a friend joins,Guadagna monete quando un amico si iscrive,
app,it,referralYourCode,Your invite code,Il tuo codice invito,
app,it,referralInvitedCount,Invited: {count},Invitati: {count},
app,it,referralShareText,Join me on BananaTalk — practice languages with real people. Use my invite code {code}: {link},Unisciti a me su BananaTalk — pratica le lingue con persone reali. Usa il mio codice invito {code}: {link},
app,it,referralCopy,Copy,Copia,
app,it,referralShare,Share,Condividi,
app,it,referralCopied,Copied,Copiato,
app,it,referralClaimed,You earned {coins} coins!,Hai guadagnato {coins} monete!,
app,it,referralHowItWorks,"When a friend signs up with your code and completes their profile, you both get coins.","Quando un amico si iscrive con il tuo codice e completa il profilo, ricevete entrambi delle monete.",
app,it,boostTitle,Boost my profile,Potenzia il mio profilo,
app,it,boostSubtitle,Be seen by more partners for 24h,Fatti vedere da più partner per 24 ore,
app,it,boostFromMatches,Get seen by more people,Fatti vedere da più persone,
app,it,boostedChip,Boosted,Potenziato,
app,it,boostCapacityFull,All boost slots are taken right now — try again in a few hours,Tutti gli slot di potenziamento sono occupati ora — riprova tra qualche ora,
app,it,extraMatchesCta,+3 more matches — {cost} coins,+3 match in più — {cost} monete,
app,it,boostExplain,"Be the 6th match for everyone whose languages fit you, for 24 hours.","Sii il 6° match per tutti quelli con lingue compatibili con le tue, per 24 ore.",
app,it,boostCostLine,Cost: {cost} coins,Costo: {cost} monete,
app,it,boostBalanceLine,Your balance: {balance} coins,Il tuo saldo: {balance} monete,
app,it,boostConfirm,Confirm boost,Conferma potenziamento,
app,it,boostActiveTitle,Your boost is live,Il tuo potenziamento è attivo,
app,it,boostTimeLeft,{time} left,{time} rimanenti,
app,it,boostSeenBy,Seen by {count} people so far,Visto da {count} persone finora,
app,it,boostFailed,Couldn't start your boost. Please try again.,Impossibile avviare il potenziamento. Riprova.,
app,it,rewardedLimitReached,You've used today's free unlocks for this — try again tomorrow,Hai usato gli sblocchi gratuiti di oggi per questo — riprova domani,
app,it,wavesMaskedTitle,Someone waved at you,Qualcuno ti ha salutato,
app,it,wavesMaskedBody,"Reveal who for {cost} coins, or go VIP","Scopri chi per {cost} monete, oppure passa a VIP",
app,it,wavesMaskedBodyVip,Go VIP to see who waved at you,Passa a VIP per vedere chi ti ha salutato,
app,it,perkAdFree,No ads,Nessuna pubblicità,
app,it,perkUnlimitedMatches,Unlimited daily matches,Match giornalieri illimitati,
app,it,perkRevealWaves,See who waved and viewed you,Vedi chi ti ha salutato e ha visitato il tuo profilo,
app,it,perkUnlimitedWaves,Unlimited waves,Saluti illimitati,
app,it,perkAdvancedFilters,Advanced partner filters,Filtri avanzati per partner,
app,it,vipFromMatches,VIP: unlimited matches,VIP: match illimitati,
app,it,vipRemoveAds,Remove ads,Rimuovi la pubblicità,
app,it,limitUnlockedRetry,Unlocked — sending again,Sbloccato — nuovo invio,
app,it,rewardedUnlockSuccess,Unlocked! You can try again now.,Sbloccato! Ora puoi riprovare.,
app,it,extraMatchesMaxed,You already have the maximum extra matches for today,Hai già il numero massimo di match extra per oggi,
app,it,wavesMaskedTitleCount,"{count, plural, =1{Someone waved at you} other{{count} people waved at you}}","{count, plural, =1{Qualcuno ti ha salutato} other{{count} persone ti hanno salutato}}",
app,it,visitorsMaskedTitle,"{count, plural, =1{Someone viewed your profile} other{{count} people viewed your profile}}","{count, plural, =1{Qualcuno ha visto il tuo profilo} other{{count} persone hanno visto il tuo profilo}}",
app,it,visitorsMaskedBody,"See who for {cost} coins, or go VIP","Scopri chi per {cost} monete, o diventa VIP",
app,it,visitorsMaskedBodyVip,Go VIP to see who viewed your profile,Diventa VIP per vedere chi ha visto il tuo profilo,
app,it,boostDurationHm,{hours}h {minutes}m,{hours} h {minutes} min,
app,it,boostDurationM,{minutes}m,{minutes} min,
app,it,boostEndingSoon,Ending soon,Sta per terminare,
app,it,coinAmount,💎{cost},💎{cost},
app,it,unlockedMore,Unlocked +{count} more!,Sbloccati altri {count}!,
app,it,getMoreCoins,Get more coins,Ottieni più monete,
app,it,unlockFailed,Could not unlock right now.,Impossibile sbloccare ora.,
app,it,unlockGrantForCoins,Unlock {count} for 💎{cost},Sblocca {count} per 💎{cost},
app,ja,referralTitle,Invite friends,友だちを招待,
app,ja,referralSubtitle,Earn coins when a friend joins,友だちが参加するとコインがもらえます,
app,ja,referralYourCode,Your invite code,あなたの招待コード,
app,ja,referralInvitedCount,Invited: {count},招待した人数: {count},
app,ja,referralShareText,Join me on BananaTalk — practice languages with real people. Use my invite code {code}: {link},BananaTalkで一緒に話そう — 本物の人と語学を練習できます。招待コード {code} を使ってね: {link},
app,ja,referralCopy,Copy,コピー,
app,ja,referralShare,Share,シェア,
app,ja,referralCopied,Copied,コピーしました,
app,ja,referralClaimed,You earned {coins} coins!,{coins}コインを獲得しました！,
app,ja,referralHowItWorks,"When a friend signs up with your code and completes their profile, you both get coins.",友だちがあなたのコードで登録してプロフィールを完成させると、2人ともコインがもらえます。,
app,ja,boostTitle,Boost my profile,プロフィールをブースト,
app,ja,boostSubtitle,Be seen by more partners for 24h,24時間、より多くのパートナーに表示されます,
app,ja,boostFromMatches,Get seen by more people,もっと多くの人に見てもらう,
app,ja,boostedChip,Boosted,ブースト中,
app,ja,boostCapacityFull,All boost slots are taken right now — try again in a few hours,現在ブーストの枠がすべて埋まっています — 数時間後にもう一度お試しください,
app,ja,extraMatchesCta,+3 more matches — {cost} coins,+3人のマッチ — {cost}コイン,
app,ja,boostExplain,"Be the 6th match for everyone whose languages fit you, for 24 hours.",言語が合うすべての人に、24時間「6番目のマッチ」として表示されます。,
app,ja,boostCostLine,Cost: {cost} coins,料金: {cost}コイン,
app,ja,boostBalanceLine,Your balance: {balance} coins,残高: {balance}コイン,
app,ja,boostConfirm,Confirm boost,ブーストを確定,
app,ja,boostActiveTitle,Your boost is live,ブースト実行中,
app,ja,boostTimeLeft,{time} left,残り {time},
app,ja,boostSeenBy,Seen by {count} people so far,これまで{count}人に表示されました,
app,ja,boostFailed,Couldn't start your boost. Please try again.,ブーストを開始できませんでした。もう一度お試しください。,
app,ja,rewardedLimitReached,You've used today's free unlocks for this — try again tomorrow,今日の無料アンロックは使い切りました。明日もう一度お試しください,
app,ja,wavesMaskedTitle,Someone waved at you,誰かがあなたに手を振りました,
app,ja,wavesMaskedBody,"Reveal who for {cost} coins, or go VIP",{cost}コインで誰か確認、またはVIPに登録,
app,ja,wavesMaskedBodyVip,Go VIP to see who waved at you,VIPになると誰が手を振ったか分かります,
app,ja,perkAdFree,No ads,広告なし,
app,ja,perkUnlimitedMatches,Unlimited daily matches,1日のマッチ数が無制限,
app,ja,perkRevealWaves,See who waved and viewed you,手を振った人・プロフィールを見た人が分かる,
app,ja,perkUnlimitedWaves,Unlimited waves,手を振る回数が無制限,
app,ja,perkAdvancedFilters,Advanced partner filters,詳細なパートナー絞り込み,
app,ja,vipFromMatches,VIP: unlimited matches,VIP: マッチ無制限,
app,ja,vipRemoveAds,Remove ads,広告を消す,
app,ja,limitUnlockedRetry,Unlocked — sending again,ロック解除しました — 再送信中,
app,ja,rewardedUnlockSuccess,Unlocked! You can try again now.,ロック解除しました！もう一度お試しください。,
app,ja,extraMatchesMaxed,You already have the maximum extra matches for today,今日の追加マッチはすでに上限に達しています,
app,ja,wavesMaskedTitleCount,"{count, plural, =1{Someone waved at you} other{{count} people waved at you}}","{count, plural, =1{誰かがあなたに手を振りました} other{{count}人があなたに手を振りました}}",
app,ja,visitorsMaskedTitle,"{count, plural, =1{Someone viewed your profile} other{{count} people viewed your profile}}","{count, plural, =1{誰かがあなたのプロフィールを見ました} other{{count}人があなたのプロフィールを見ました}}",
app,ja,visitorsMaskedBody,"See who for {cost} coins, or go VIP",{cost}コインで誰か確認、またはVIPに,
app,ja,visitorsMaskedBodyVip,Go VIP to see who viewed your profile,VIPになってプロフィールを見た人を確認,
app,ja,boostDurationHm,{hours}h {minutes}m,{hours}時間{minutes}分,
app,ja,boostDurationM,{minutes}m,{minutes}分,
app,ja,boostEndingSoon,Ending soon,まもなく終了,
app,ja,coinAmount,💎{cost},💎{cost},
app,ja,unlockedMore,Unlocked +{count} more!,さらに{count}件ロック解除！,
app,ja,getMoreCoins,Get more coins,コインをもっと入手,
app,ja,unlockFailed,Could not unlock right now.,今はロック解除できませんでした。,
app,ja,unlockGrantForCoins,Unlock {count} for 💎{cost},💎{cost}で{count}件ロック解除,
app,ko,referralTitle,Invite friends,친구 초대,
app,ko,referralSubtitle,Earn coins when a friend joins,친구가 가입하면 코인을 받아요,
app,ko,referralYourCode,Your invite code,내 초대 코드,
app,ko,referralInvitedCount,Invited: {count},초대한 친구: {count}명,
app,ko,referralShareText,Join me on BananaTalk — practice languages with real people. Use my invite code {code}: {link},BananaTalk에서 함께해요 — 실제 사람들과 언어를 연습할 수 있어요. 내 초대 코드 {code}를 입력하세요: {link},
app,ko,referralCopy,Copy,복사,
app,ko,referralShare,Share,공유,
app,ko,referralCopied,Copied,복사됨,
app,ko,referralClaimed,You earned {coins} coins!,{coins} 코인을 받았어요!,
app,ko,referralHowItWorks,"When a friend signs up with your code and completes their profile, you both get coins.",친구가 내 코드로 가입하고 프로필을 완성하면 둘 다 코인을 받아요.,
app,ko,boostTitle,Boost my profile,내 프로필 부스트,
app,ko,boostSubtitle,Be seen by more partners for 24h,24시간 동안 더 많은 파트너에게 노출돼요,
app,ko,boostFromMatches,Get seen by more people,더 많은 사람에게 노출되기,
app,ko,boostedChip,Boosted,부스트됨,
app,ko,boostCapacityFull,All boost slots are taken right now — try again in a few hours,지금은 부스트 슬롯이 모두 찼어요 — 몇 시간 뒤에 다시 시도해 주세요,
app,ko,extraMatchesCta,+3 more matches — {cost} coins,+3명 더 매칭 — {cost} 코인,
app,ko,boostExplain,"Be the 6th match for everyone whose languages fit you, for 24 hours.",언어가 맞는 모든 사람에게 24시간 동안 여섯 번째 매치로 보여요.,
app,ko,boostCostLine,Cost: {cost} coins,비용: {cost} 코인,
app,ko,boostBalanceLine,Your balance: {balance} coins,내 잔액: {balance} 코인,
app,ko,boostConfirm,Confirm boost,부스트 확인,
app,ko,boostActiveTitle,Your boost is live,부스트가 진행 중이에요,
app,ko,boostTimeLeft,{time} left,{time} 남음,
app,ko,boostSeenBy,Seen by {count} people so far,지금까지 {count}명이 봤어요,
app,ko,boostFailed,Couldn't start your boost. Please try again.,부스트를 시작하지 못했어요. 다시 시도해 주세요.,
app,ko,rewardedLimitReached,You've used today's free unlocks for this — try again tomorrow,오늘의 무료 잠금 해제를 모두 사용했어요 — 내일 다시 시도해 주세요,
app,ko,wavesMaskedTitle,Someone waved at you,누군가 당신에게 손을 흔들었어요,
app,ko,wavesMaskedBody,"Reveal who for {cost} coins, or go VIP",{cost} 코인으로 누구인지 확인하거나 VIP가 되세요,
app,ko,wavesMaskedBodyVip,Go VIP to see who waved at you,VIP가 되면 누가 손을 흔들었는지 볼 수 있어요,
app,ko,perkAdFree,No ads,광고 없음,
app,ko,perkUnlimitedMatches,Unlimited daily matches,하루 매칭 무제한,
app,ko,perkRevealWaves,See who waved and viewed you,나에게 손 흔든 사람과 프로필을 본 사람 보기,
app,ko,perkUnlimitedWaves,Unlimited waves,손 흔들기 무제한,
app,ko,perkAdvancedFilters,Advanced partner filters,고급 파트너 필터,
app,ko,vipFromMatches,VIP: unlimited matches,VIP: 매칭 무제한,
app,ko,vipRemoveAds,Remove ads,광고 제거,
app,ko,limitUnlockedRetry,Unlocked — sending again,잠금 해제됨 — 다시 보내는 중,
app,ko,rewardedUnlockSuccess,Unlocked! You can try again now.,잠금 해제됨! 이제 다시 시도할 수 있어요.,
app,ko,extraMatchesMaxed,You already have the maximum extra matches for today,오늘 추가 매칭을 이미 최대로 받았어요,
app,ko,wavesMaskedTitleCount,"{count, plural, =1{Someone waved at you} other{{count} people waved at you}}","{count, plural, =1{누군가 당신에게 손을 흔들었어요} other{{count}명이 당신에게 손을 흔들었어요}}",
app,ko,visitorsMaskedTitle,"{count, plural, =1{Someone viewed your profile} other{{count} people viewed your profile}}","{count, plural, =1{누군가 당신의 프로필을 봤어요} other{{count}명이 당신의 프로필을 봤어요}}",
app,ko,visitorsMaskedBody,"See who for {cost} coins, or go VIP",{cost} 코인으로 누구인지 확인하거나 VIP가 되세요,
app,ko,visitorsMaskedBodyVip,Go VIP to see who viewed your profile,VIP가 되면 누가 프로필을 봤는지 볼 수 있어요,
app,ko,boostDurationHm,{hours}h {minutes}m,{hours}시간 {minutes}분,
app,ko,boostDurationM,{minutes}m,{minutes}분,
app,ko,boostEndingSoon,Ending soon,곧 종료,
app,ko,coinAmount,💎{cost},💎{cost},
app,ko,unlockedMore,Unlocked +{count} more!,{count}개 더 잠금 해제!,
app,ko,getMoreCoins,Get more coins,코인 더 받기,
app,ko,unlockFailed,Could not unlock right now.,지금은 잠금 해제할 수 없어요.,
app,ko,unlockGrantForCoins,Unlock {count} for 💎{cost},💎{cost}로 {count}개 잠금 해제,
app,pt,referralTitle,Invite friends,Convidar amigos,
app,pt,referralSubtitle,Earn coins when a friend joins,Ganhe moedas quando um amigo entrar,
app,pt,referralYourCode,Your invite code,Seu código de convite,
app,pt,referralInvitedCount,Invited: {count},Convidados: {count},
app,pt,referralShareText,Join me on BananaTalk — practice languages with real people. Use my invite code {code}: {link},Junte-se a mim no BananaTalk — pratique idiomas com pessoas reais. Use meu código de convite {code}: {link},
app,pt,referralCopy,Copy,Copiar,
app,pt,referralShare,Share,Compartilhar,
app,pt,referralCopied,Copied,Copiado,
app,pt,referralClaimed,You earned {coins} coins!,Você ganhou {coins} moedas!,
app,pt,referralHowItWorks,"When a friend signs up with your code and completes their profile, you both get coins.","Quando um amigo se cadastra com seu código e completa o perfil, vocês dois ganham moedas.",
app,pt,boostTitle,Boost my profile,Impulsionar meu perfil,
app,pt,boostSubtitle,Be seen by more partners for 24h,Seja visto por mais parceiros por 24 h,
app,pt,boostFromMatches,Get seen by more people,Seja visto por mais pessoas,
app,pt,boostedChip,Boosted,Impulsionado,
app,pt,boostCapacityFull,All boost slots are taken right now — try again in a few hours,Todas as vagas de impulso estão ocupadas agora — tente de novo em algumas horas,
app,pt,extraMatchesCta,+3 more matches — {cost} coins,+3 combinações — {cost} moedas,
app,pt,boostExplain,"Be the 6th match for everyone whose languages fit you, for 24 hours.","Seja a 6ª combinação de todos cujos idiomas combinam com os seus, por 24 horas.",
app,pt,boostCostLine,Cost: {cost} coins,Custo: {cost} moedas,
app,pt,boostBalanceLine,Your balance: {balance} coins,Seu saldo: {balance} moedas,
app,pt,boostConfirm,Confirm boost,Confirmar impulso,
app,pt,boostActiveTitle,Your boost is live,Seu impulso está ativo,
app,pt,boostTimeLeft,{time} left,Restam {time},
app,pt,boostSeenBy,Seen by {count} people so far,Visto por {count} pessoas até agora,
app,pt,boostFailed,Couldn't start your boost. Please try again.,Não foi possível iniciar seu impulso. Tente novamente.,
app,pt,rewardedLimitReached,You've used today's free unlocks for this — try again tomorrow,Você usou os desbloqueios gratuitos de hoje para isso — tente novamente amanhã,
app,pt,wavesMaskedTitle,Someone waved at you,Alguém acenou para você,
app,pt,wavesMaskedBody,"Reveal who for {cost} coins, or go VIP","Descubra quem por {cost} moedas, ou seja VIP",
app,pt,wavesMaskedBodyVip,Go VIP to see who waved at you,Seja VIP para ver quem acenou para você,
app,pt,perkAdFree,No ads,Sem anúncios,
app,pt,perkUnlimitedMatches,Unlimited daily matches,Combinações diárias ilimitadas,
app,pt,perkRevealWaves,See who waved and viewed you,Veja quem acenou e visitou seu perfil,
app,pt,perkUnlimitedWaves,Unlimited waves,Acenos ilimitados,
app,pt,perkAdvancedFilters,Advanced partner filters,Filtros avançados de parceiros,
app,pt,vipFromMatches,VIP: unlimited matches,VIP: combinações ilimitadas,
app,pt,vipRemoveAds,Remove ads,Remover anúncios,
app,pt,limitUnlockedRetry,Unlocked — sending again,Desbloqueado — enviando novamente,
app,pt,rewardedUnlockSuccess,Unlocked! You can try again now.,Desbloqueado! Você já pode tentar de novo.,
app,pt,extraMatchesMaxed,You already have the maximum extra matches for today,Você já tem o máximo de matches extras por hoje,
app,pt,wavesMaskedTitleCount,"{count, plural, =1{Someone waved at you} other{{count} people waved at you}}","{count, plural, =1{Alguém acenou para você} other{{count} pessoas acenaram para você}}",
app,pt,visitorsMaskedTitle,"{count, plural, =1{Someone viewed your profile} other{{count} people viewed your profile}}","{count, plural, =1{Alguém viu seu perfil} other{{count} pessoas viram seu perfil}}",
app,pt,visitorsMaskedBody,"See who for {cost} coins, or go VIP","Veja quem por {cost} moedas, ou seja VIP",
app,pt,visitorsMaskedBodyVip,Go VIP to see who viewed your profile,Seja VIP para ver quem viu seu perfil,
app,pt,boostDurationHm,{hours}h {minutes}m,{hours} h {minutes} min,
app,pt,boostDurationM,{minutes}m,{minutes} min,
app,pt,boostEndingSoon,Ending soon,Termina em breve,
app,pt,coinAmount,💎{cost},💎{cost},
app,pt,unlockedMore,Unlocked +{count} more!,+{count} desbloqueados!,
app,pt,getMoreCoins,Get more coins,Obter mais moedas,
app,pt,unlockFailed,Could not unlock right now.,Não foi possível desbloquear agora.,
app,pt,unlockGrantForCoins,Unlock {count} for 💎{cost},Desbloquear {count} por 💎{cost},
app,ru,referralTitle,Invite friends,Пригласить друзей,
app,ru,referralSubtitle,Earn coins when a friend joins,"Получайте монеты, когда друг присоединяется",
app,ru,referralYourCode,Your invite code,Ваш код приглашения,
app,ru,referralInvitedCount,Invited: {count},Приглашено: {count},
app,ru,referralShareText,Join me on BananaTalk — practice languages with real people. Use my invite code {code}: {link},Присоединяйся ко мне в BananaTalk — практикуй языки с реальными людьми. Используй мой код приглашения {code}: {link},
app,ru,referralCopy,Copy,Копировать,
app,ru,referralShare,Share,Поделиться,
app,ru,referralCopied,Copied,Скопировано,
app,ru,referralClaimed,You earned {coins} coins!,Вы получили {coins} монет!,
app,ru,referralHowItWorks,"When a friend signs up with your code and completes their profile, you both get coins.","Когда друг зарегистрируется по вашему коду и заполнит профиль, вы оба получите монеты.",
app,ru,boostTitle,Boost my profile,Продвинуть мой профиль,
app,ru,boostSubtitle,Be seen by more partners for 24h,Вас увидит больше собеседников на 24 часа,
app,ru,boostFromMatches,Get seen by more people,Чтобы вас видело больше людей,
app,ru,boostedChip,Boosted,Продвигается,
app,ru,boostCapacityFull,All boost slots are taken right now — try again in a few hours,Все места для продвижения сейчас заняты — попробуйте через несколько часов,
app,ru,extraMatchesCta,+3 more matches — {cost} coins,+3 совпадения — {cost} монет,
app,ru,boostExplain,"Be the 6th match for everyone whose languages fit you, for 24 hours.","Станьте 6-м совпадением для всех, чьи языки вам подходят, на 24 часа.",
app,ru,boostCostLine,Cost: {cost} coins,Стоимость: {cost} монет,
app,ru,boostBalanceLine,Your balance: {balance} coins,Ваш баланс: {balance} монет,
app,ru,boostConfirm,Confirm boost,Подтвердить продвижение,
app,ru,boostActiveTitle,Your boost is live,Продвижение активно,
app,ru,boostTimeLeft,{time} left,Осталось {time},
app,ru,boostSeenBy,Seen by {count} people so far,Пока вас увидели {count} человек,
app,ru,boostFailed,Couldn't start your boost. Please try again.,Не удалось запустить продвижение. Попробуйте ещё раз.,
app,ru,rewardedLimitReached,You've used today's free unlocks for this — try again tomorrow,Вы использовали сегодняшние бесплатные разблокировки — попробуйте завтра,
app,ru,wavesMaskedTitle,Someone waved at you,Кто-то помахал вам,
app,ru,wavesMaskedBody,"Reveal who for {cost} coins, or go VIP","Узнайте, кто, за {cost} монет — или станьте VIP",
app,ru,wavesMaskedBodyVip,Go VIP to see who waved at you,"Станьте VIP, чтобы увидеть, кто вам помахал",
app,ru,perkAdFree,No ads,Без рекламы,
app,ru,perkUnlimitedMatches,Unlimited daily matches,Безлимитные ежедневные совпадения,
app,ru,perkRevealWaves,See who waved and viewed you,"Смотрите, кто махал вам и заходил в профиль",
app,ru,perkUnlimitedWaves,Unlimited waves,Безлимитные взмахи,
app,ru,perkAdvancedFilters,Advanced partner filters,Расширенные фильтры партнёров,
app,ru,vipFromMatches,VIP: unlimited matches,VIP: безлимитные совпадения,
app,ru,vipRemoveAds,Remove ads,Убрать рекламу,
app,ru,limitUnlockedRetry,Unlocked — sending again,Разблокировано — отправляем снова,
app,ru,rewardedUnlockSuccess,Unlocked! You can try again now.,Разблокировано! Теперь можно попробовать снова.,
app,ru,extraMatchesMaxed,You already have the maximum extra matches for today,У вас уже максимум дополнительных совпадений на сегодня,
app,ru,wavesMaskedTitleCount,"{count, plural, =1{Someone waved at you} other{{count} people waved at you}}","{count, plural, =1{Кто-то помахал вам} other{{count} чел. помахали вам}}",
app,ru,visitorsMaskedTitle,"{count, plural, =1{Someone viewed your profile} other{{count} people viewed your profile}}","{count, plural, =1{Кто-то посмотрел ваш профиль} other{{count} чел. посмотрели ваш профиль}}",
app,ru,visitorsMaskedBody,"See who for {cost} coins, or go VIP","Узнайте, кто это, за {cost} монет или станьте VIP",
app,ru,visitorsMaskedBodyVip,Go VIP to see who viewed your profile,"Станьте VIP, чтобы увидеть, кто смотрел ваш профиль",
app,ru,boostDurationHm,{hours}h {minutes}m,{hours} ч {minutes} мин,
app,ru,boostDurationM,{minutes}m,{minutes} мин,
app,ru,boostEndingSoon,Ending soon,Скоро закончится,
app,ru,coinAmount,💎{cost},💎{cost},
app,ru,unlockedMore,Unlocked +{count} more!,Разблокировано ещё {count}!,
app,ru,getMoreCoins,Get more coins,Получить больше монет,
app,ru,unlockFailed,Could not unlock right now.,Сейчас не удалось разблокировать.,
app,ru,unlockGrantForCoins,Unlock {count} for 💎{cost},Разблокировать {count} за 💎{cost},
app,tg,referralTitle,Invite friends,Дӯстонро даъват кунед,
app,tg,referralSubtitle,Earn coins when a friend joins,"Вақте дӯст ҳамроҳ мешавад, танга гиред",
app,tg,referralYourCode,Your invite code,Рамзи даъвати шумо,
app,tg,referralInvitedCount,Invited: {count},Даъватшудагон: {count},
app,tg,referralShareText,Join me on BananaTalk — practice languages with real people. Use my invite code {code}: {link},Ба ман дар BananaTalk ҳамроҳ шав — забонҳоро бо одамони воқеӣ машқ кун. Рамзи даъвати маро истифода бар {code}: {link},
app,tg,referralCopy,Copy,Нусха гирифтан,
app,tg,referralShare,Share,Мубодила,
app,tg,referralCopied,Copied,Нусха гирифта шуд,
app,tg,referralClaimed,You earned {coins} coins!,Шумо {coins} танга гирифтед!,
app,tg,referralHowItWorks,"When a friend signs up with your code and completes their profile, you both get coins.","Вақте дӯст бо рамзи шумо сабти ном мекунад ва профилашро пур мекунад, ҳардуи шумо танга мегиред.",
app,tg,boostTitle,Boost my profile,Профили маро пурзӯр кун,
app,tg,boostSubtitle,Be seen by more partners for 24h,Дар 24 соат шарикони бештар шуморо мебинанд,
app,tg,boostFromMatches,Get seen by more people,Одамони бештар шуморо бибинанд,
app,tg,boostedChip,Boosted,Пурзӯр шуд,
app,tg,boostCapacityFull,All boost slots are taken right now — try again in a few hours,Ҳоло ҳамаи ҷойҳои пурзӯркунӣ банданд — пас аз чанд соат аз нав кӯшиш кунед,
app,tg,extraMatchesCta,+3 more matches — {cost} coins,+3 мувофиқати бештар — {cost} танга,
app,tg,boostExplain,"Be the 6th match for everyone whose languages fit you, for 24 hours.","Дар 24 соат барои ҳама, ки забонҳояшон ба шумо мувофиқ аст, мувофиқати 6-ум шавед.",
app,tg,boostCostLine,Cost: {cost} coins,Нарх: {cost} танга,
app,tg,boostBalanceLine,Your balance: {balance} coins,Тавозуни шумо: {balance} танга,
app,tg,boostConfirm,Confirm boost,Тасдиқи пурзӯркунӣ,
app,tg,boostActiveTitle,Your boost is live,Пурзӯркунии шумо фаъол аст,
app,tg,boostTimeLeft,{time} left,{time} монд,
app,tg,boostSeenBy,Seen by {count} people so far,То ҳол {count} нафар дидаанд,
app,tg,boostFailed,Couldn't start your boost. Please try again.,Пурзӯркунӣ оғоз нашуд. Лутфан аз нав кӯшиш кунед.,
app,tg,rewardedLimitReached,You've used today's free unlocks for this — try again tomorrow,Шумо кушодани ройгони имрӯзаро истифода бурдед — фардо бори дигар кӯшиш кунед,
app,tg,wavesMaskedTitle,Someone waved at you,Касе ба шумо даст ҷунбонд,
app,tg,wavesMaskedBody,"Reveal who for {cost} coins, or go VIP","Бо {cost} танга бифаҳмед кӣ, ё VIP шавед",
app,tg,wavesMaskedBodyVip,Go VIP to see who waved at you,"Барои дидани он ки кӣ даст ҷунбонд, VIP шавед",
app,tg,perkAdFree,No ads,Бе реклама,
app,tg,perkUnlimitedMatches,Unlimited daily matches,Мувофиқатҳои ҳаррӯзаи номаҳдуд,
app,tg,perkRevealWaves,See who waved and viewed you,"Бубинед, ки кӣ даст ҷунбонд ва профили шуморо дид",
app,tg,perkUnlimitedWaves,Unlimited waves,Дастҷунбонии номаҳдуд,
app,tg,perkAdvancedFilters,Advanced partner filters,Филтрҳои пешрафтаи ҳамсӯҳбат,
app,tg,vipFromMatches,VIP: unlimited matches,VIP: мувофиқатҳои номаҳдуд,
app,tg,vipRemoveAds,Remove ads,Нест кардани реклама,
app,tg,limitUnlockedRetry,Unlocked — sending again,Кушода шуд — дубора фиристода мешавад,
app,tg,rewardedUnlockSuccess,Unlocked! You can try again now.,Кушода шуд! Акнун метавонед дубора кӯшиш кунед.,
app,tg,extraMatchesMaxed,You already have the maximum extra matches for today,Шумо имрӯз аллакай ҳадди аксари мувофиқатҳои иловагиро доред,
app,tg,wavesMaskedTitleCount,"{count, plural, =1{Someone waved at you} other{{count} people waved at you}}","{count, plural, =1{Касе ба шумо даст афшонд} other{{count} нафар ба шумо даст афшонданд}}",
app,tg,visitorsMaskedTitle,"{count, plural, =1{Someone viewed your profile} other{{count} people viewed your profile}}","{count, plural, =1{Касе профили шуморо дид} other{{count} нафар профили шуморо диданд}}",
app,tg,visitorsMaskedBody,"See who for {cost} coins, or go VIP","Бо {cost} танга бубинед кист, ё VIP шавед",
app,tg,visitorsMaskedBodyVip,Go VIP to see who viewed your profile,"VIP шавед, то бинед кӣ профили шуморо дидааст",
app,tg,boostDurationHm,{hours}h {minutes}m,{hours}с {minutes}д,
app,tg,boostDurationM,{minutes}m,{minutes}д,
app,tg,boostEndingSoon,Ending soon,Ба зудӣ тамом мешавад,
app,tg,coinAmount,💎{cost},💎{cost},
app,tg,unlockedMore,Unlocked +{count} more!,Боз {count} кушода шуд!,
app,tg,getMoreCoins,Get more coins,Тангаҳои бештар гиред,
app,tg,unlockFailed,Could not unlock right now.,Ҳоло кушода нашуд.,
app,tg,unlockGrantForCoins,Unlock {count} for 💎{cost},{count}-ро бо 💎{cost} кушоед,
app,th,referralTitle,Invite friends,ชวนเพื่อน,
app,th,referralSubtitle,Earn coins when a friend joins,รับเหรียญเมื่อเพื่อนเข้าร่วม,
app,th,referralYourCode,Your invite code,รหัสเชิญของคุณ,
app,th,referralInvitedCount,Invited: {count},เชิญแล้ว: {count},
app,th,referralShareText,Join me on BananaTalk — practice languages with real people. Use my invite code {code}: {link},มาร่วม BananaTalk กับฉันสิ — ฝึกภาษากับคนจริง ใช้รหัสเชิญของฉัน {code}: {link},
app,th,referralCopy,Copy,คัดลอก,
app,th,referralShare,Share,แชร์,
app,th,referralCopied,Copied,คัดลอกแล้ว,
app,th,referralClaimed,You earned {coins} coins!,คุณได้รับ {coins} เหรียญ!,
app,th,referralHowItWorks,"When a friend signs up with your code and completes their profile, you both get coins.",เมื่อเพื่อนสมัครด้วยรหัสของคุณและกรอกโปรไฟล์ครบ คุณทั้งคู่จะได้รับเหรียญ,
app,th,boostTitle,Boost my profile,บูสต์โปรไฟล์ของฉัน,
app,th,boostSubtitle,Be seen by more partners for 24h,ให้คู่สนทนาเห็นคุณมากขึ้นนาน 24 ชม.,
app,th,boostFromMatches,Get seen by more people,ให้คนเห็นคุณมากขึ้น,
app,th,boostedChip,Boosted,บูสต์แล้ว,
app,th,boostCapacityFull,All boost slots are taken right now — try again in a few hours,ช่องบูสต์เต็มทั้งหมดในตอนนี้ — ลองใหม่ในอีกไม่กี่ชั่วโมง,
app,th,extraMatchesCta,+3 more matches — {cost} coins,+3 แมตช์เพิ่ม — {cost} เหรียญ,
app,th,boostExplain,"Be the 6th match for everyone whose languages fit you, for 24 hours.",เป็นแมตช์ที่ 6 ของทุกคนที่ภาษาตรงกับคุณ เป็นเวลา 24 ชั่วโมง,
app,th,boostCostLine,Cost: {cost} coins,ค่าใช้จ่าย: {cost} เหรียญ,
app,th,boostBalanceLine,Your balance: {balance} coins,ยอดคงเหลือ: {balance} เหรียญ,
app,th,boostConfirm,Confirm boost,ยืนยันการบูสต์,
app,th,boostActiveTitle,Your boost is live,บูสต์ของคุณกำลังทำงาน,
app,th,boostTimeLeft,{time} left,เหลือ {time},
app,th,boostSeenBy,Seen by {count} people so far,มีคนเห็นแล้ว {count} คน,
app,th,boostFailed,Couldn't start your boost. Please try again.,เริ่มบูสต์ไม่ได้ กรุณาลองอีกครั้ง,
app,th,rewardedLimitReached,You've used today's free unlocks for this — try again tomorrow,คุณใช้การปลดล็อกฟรีของวันนี้ครบแล้ว — ลองใหม่พรุ่งนี้,
app,th,wavesMaskedTitle,Someone waved at you,มีคนโบกมือทักคุณ,
app,th,wavesMaskedBody,"Reveal who for {cost} coins, or go VIP",ดูว่าใครด้วย {cost} เหรียญ หรืออัปเกรดเป็น VIP,
app,th,wavesMaskedBodyVip,Go VIP to see who waved at you,อัปเกรดเป็น VIP เพื่อดูว่าใครโบกมือทัก,
app,th,perkAdFree,No ads,ไม่มีโฆษณา,
app,th,perkUnlimitedMatches,Unlimited daily matches,แมตช์รายวันไม่จำกัด,
app,th,perkRevealWaves,See who waved and viewed you,ดูว่าใครโบกมือและเข้าชมโปรไฟล์คุณ,
app,th,perkUnlimitedWaves,Unlimited waves,โบกมือได้ไม่จำกัด,
app,th,perkAdvancedFilters,Advanced partner filters,ตัวกรองคู่สนทนาขั้นสูง,
app,th,vipFromMatches,VIP: unlimited matches,VIP: แมตช์ไม่จำกัด,
app,th,vipRemoveAds,Remove ads,ลบโฆษณา,
app,th,limitUnlockedRetry,Unlocked — sending again,ปลดล็อกแล้ว — กำลังส่งอีกครั้ง,
app,th,rewardedUnlockSuccess,Unlocked! You can try again now.,ปลดล็อกแล้ว! ลองอีกครั้งได้เลย,
app,th,extraMatchesMaxed,You already have the maximum extra matches for today,วันนี้คุณได้แมตช์เพิ่มเติมครบจำนวนสูงสุดแล้ว,
app,th,wavesMaskedTitleCount,"{count, plural, =1{Someone waved at you} other{{count} people waved at you}}","{count, plural, =1{มีคนโบกมือให้คุณ} other{{count} คนโบกมือให้คุณ}}",
app,th,visitorsMaskedTitle,"{count, plural, =1{Someone viewed your profile} other{{count} people viewed your profile}}","{count, plural, =1{มีคนดูโปรไฟล์ของคุณ} other{{count} คนดูโปรไฟล์ของคุณ}}",
app,th,visitorsMaskedBody,"See who for {cost} coins, or go VIP",ดูว่าเป็นใครด้วย {cost} เหรียญ หรือสมัคร VIP,
app,th,visitorsMaskedBodyVip,Go VIP to see who viewed your profile,สมัคร VIP เพื่อดูว่าใครดูโปรไฟล์ของคุณ,
app,th,boostDurationHm,{hours}h {minutes}m,{hours} ชม. {minutes} น.,
app,th,boostDurationM,{minutes}m,{minutes} น.,
app,th,boostEndingSoon,Ending soon,ใกล้สิ้นสุดแล้ว,
app,th,coinAmount,💎{cost},💎{cost},
app,th,unlockedMore,Unlocked +{count} more!,ปลดล็อกเพิ่มอีก {count}!,
app,th,getMoreCoins,Get more coins,รับเหรียญเพิ่ม,
app,th,unlockFailed,Could not unlock right now.,ไม่สามารถปลดล็อกได้ในขณะนี้,
app,th,unlockGrantForCoins,Unlock {count} for 💎{cost},ปลดล็อก {count} ด้วย 💎{cost},
app,tl,referralTitle,Invite friends,Mag-imbita ng kaibigan,
app,tl,referralSubtitle,Earn coins when a friend joins,Kumita ng coins kapag may kaibigang sumali,
app,tl,referralYourCode,Your invite code,Ang iyong invite code,
app,tl,referralInvitedCount,Invited: {count},Na-imbita: {count},
app,tl,referralShareText,Join me on BananaTalk — practice languages with real people. Use my invite code {code}: {link},Samahan mo ako sa BananaTalk — magsanay ng mga wika kasama ang totoong tao. Gamitin ang invite code ko {code}: {link},
app,tl,referralCopy,Copy,Kopyahin,
app,tl,referralShare,Share,Ibahagi,
app,tl,referralCopied,Copied,Nakopya,
app,tl,referralClaimed,You earned {coins} coins!,Nakakuha ka ng {coins} coins!,
app,tl,referralHowItWorks,"When a friend signs up with your code and completes their profile, you both get coins.","Kapag nag-sign up ang kaibigan gamit ang code mo at kinumpleto ang profile niya, pareho kayong makakakuha ng coins.",
app,tl,boostTitle,Boost my profile,I-boost ang profile ko,
app,tl,boostSubtitle,Be seen by more partners for 24h,Makita ng mas maraming partner sa loob ng 24 oras,
app,tl,boostFromMatches,Get seen by more people,Makita ng mas maraming tao,
app,tl,boostedChip,Boosted,Naka-boost,
app,tl,boostCapacityFull,All boost slots are taken right now — try again in a few hours,Puno na ang lahat ng boost slot ngayon — subukan ulit sa loob ng ilang oras,
app,tl,extraMatchesCta,+3 more matches — {cost} coins,+3 pang match — {cost} coins,
app,tl,boostExplain,"Be the 6th match for everyone whose languages fit you, for 24 hours.",Maging ika-6 na match ng lahat ng may katugmang wika sa loob ng 24 oras.,
app,tl,boostCostLine,Cost: {cost} coins,Halaga: {cost} coins,
app,tl,boostBalanceLine,Your balance: {balance} coins,Balanse mo: {balance} coins,
app,tl,boostConfirm,Confirm boost,Kumpirmahin ang boost,
app,tl,boostActiveTitle,Your boost is live,Aktibo ang boost mo,
app,tl,boostTimeLeft,{time} left,{time} na lang,
app,tl,boostSeenBy,Seen by {count} people so far,Nakita na ng {count} tao,
app,tl,boostFailed,Couldn't start your boost. Please try again.,Hindi masimulan ang boost. Pakisubukan ulit.,
app,tl,rewardedLimitReached,You've used today's free unlocks for this — try again tomorrow,Naubos mo na ang libreng unlock ngayong araw para dito — subukan ulit bukas,
app,tl,wavesMaskedTitle,Someone waved at you,May kumaway sa iyo,
app,tl,wavesMaskedBody,"Reveal who for {cost} coins, or go VIP","Alamin kung sino sa halagang {cost} coins, o mag-VIP",
app,tl,wavesMaskedBodyVip,Go VIP to see who waved at you,Mag-VIP para makita kung sino ang kumaway sa iyo,
app,tl,perkAdFree,No ads,Walang ads,
app,tl,perkUnlimitedMatches,Unlimited daily matches,Walang limitasyong araw-araw na match,
app,tl,perkRevealWaves,See who waved and viewed you,Tingnan kung sino ang kumaway at tumingin sa profile mo,
app,tl,perkUnlimitedWaves,Unlimited waves,Walang limitasyong kaway,
app,tl,perkAdvancedFilters,Advanced partner filters,Advanced na partner filters,
app,tl,vipFromMatches,VIP: unlimited matches,VIP: walang limitasyong match,
app,tl,vipRemoveAds,Remove ads,Alisin ang ads,
app,tl,limitUnlockedRetry,Unlocked — sending again,Na-unlock — ipinapadala muli,
app,tl,rewardedUnlockSuccess,Unlocked! You can try again now.,Na-unlock! Puwede mo nang subukan ulit.,
app,tl,extraMatchesMaxed,You already have the maximum extra matches for today,Nasa maximum ka na ng extra matches para ngayong araw,
app,tl,wavesMaskedTitleCount,"{count, plural, =1{Someone waved at you} other{{count} people waved at you}}","{count, plural, =1{May kumaway sa iyo} other{{count} tao ang kumaway sa iyo}}",
app,tl,visitorsMaskedTitle,"{count, plural, =1{Someone viewed your profile} other{{count} people viewed your profile}}","{count, plural, =1{May tumingin sa profile mo} other{{count} tao ang tumingin sa profile mo}}",
app,tl,visitorsMaskedBody,"See who for {cost} coins, or go VIP","Alamin kung sino sa {cost} coins, o mag-VIP",
app,tl,visitorsMaskedBodyVip,Go VIP to see who viewed your profile,Mag-VIP para makita kung sino ang tumingin sa profile mo,
app,tl,boostDurationHm,{hours}h {minutes}m,{hours}h {minutes}m,
app,tl,boostDurationM,{minutes}m,{minutes}m,
app,tl,boostEndingSoon,Ending soon,Malapit nang matapos,
app,tl,coinAmount,💎{cost},💎{cost},
app,tl,unlockedMore,Unlocked +{count} more!,Na-unlock ang +{count} pa!,
app,tl,getMoreCoins,Get more coins,Kumuha ng mas maraming coins,
app,tl,unlockFailed,Could not unlock right now.,Hindi ma-unlock ngayon.,
app,tl,unlockGrantForCoins,Unlock {count} for 💎{cost},I-unlock ang {count} sa 💎{cost},
app,tr,referralTitle,Invite friends,Arkadaşlarını davet et,
app,tr,referralSubtitle,Earn coins when a friend joins,Bir arkadaşın katıldığında coin kazan,
app,tr,referralYourCode,Your invite code,Davet kodun,
app,tr,referralInvitedCount,Invited: {count},Davet edilen: {count},
app,tr,referralShareText,Join me on BananaTalk — practice languages with real people. Use my invite code {code}: {link},BananaTalk'ta bana katıl — gerçek insanlarla dil pratiği yap. Davet kodumu kullan {code}: {link},
app,tr,referralCopy,Copy,Kopyala,
app,tr,referralShare,Share,Paylaş,
app,tr,referralCopied,Copied,Kopyalandı,
app,tr,referralClaimed,You earned {coins} coins!,{coins} coin kazandın!,
app,tr,referralHowItWorks,"When a friend signs up with your code and completes their profile, you both get coins.",Bir arkadaşın kodunla kaydolup profilini tamamladığında ikiniz de coin kazanırsınız.,
app,tr,boostTitle,Boost my profile,Profilimi öne çıkar,
app,tr,boostSubtitle,Be seen by more partners for 24h,24 saat boyunca daha fazla partner tarafından görül,
app,tr,boostFromMatches,Get seen by more people,Daha fazla kişi tarafından görül,
app,tr,boostedChip,Boosted,Öne çıkarıldı,
app,tr,boostCapacityFull,All boost slots are taken right now — try again in a few hours,Şu anda tüm boost yerleri dolu — birkaç saat sonra tekrar dene,
app,tr,extraMatchesCta,+3 more matches — {cost} coins,+3 eşleşme daha — {cost} jeton,
app,tr,boostExplain,"Be the 6th match for everyone whose languages fit you, for 24 hours.",Dilleri sana uyan herkes için 24 saat boyunca 6. eşleşme ol.,
app,tr,boostCostLine,Cost: {cost} coins,Ücret: {cost} jeton,
app,tr,boostBalanceLine,Your balance: {balance} coins,Bakiyen: {balance} jeton,
app,tr,boostConfirm,Confirm boost,Boost'u onayla,
app,tr,boostActiveTitle,Your boost is live,Boost'un aktif,
app,tr,boostTimeLeft,{time} left,{time} kaldı,
app,tr,boostSeenBy,Seen by {count} people so far,Şimdiye kadar {count} kişi gördü,
app,tr,boostFailed,Couldn't start your boost. Please try again.,Boost başlatılamadı. Lütfen tekrar dene.,
app,tr,rewardedLimitReached,You've used today's free unlocks for this — try again tomorrow,Bunun için bugünkü ücretsiz kilit açmaları kullandın — yarın tekrar dene,
app,tr,wavesMaskedTitle,Someone waved at you,Biri sana el salladı,
app,tr,wavesMaskedBody,"Reveal who for {cost} coins, or go VIP",{cost} jetona kimin olduğunu öğren veya VIP ol,
app,tr,wavesMaskedBodyVip,Go VIP to see who waved at you,Kimin el salladığını görmek için VIP ol,
app,tr,perkAdFree,No ads,Reklamsız,
app,tr,perkUnlimitedMatches,Unlimited daily matches,Sınırsız günlük eşleşme,
app,tr,perkRevealWaves,See who waved and viewed you,Sana kimin el salladığını ve profilini kimin gördüğünü gör,
app,tr,perkUnlimitedWaves,Unlimited waves,Sınırsız el sallama,
app,tr,perkAdvancedFilters,Advanced partner filters,Gelişmiş partner filtreleri,
app,tr,vipFromMatches,VIP: unlimited matches,VIP: sınırsız eşleşme,
app,tr,vipRemoveAds,Remove ads,Reklamları kaldır,
app,tr,limitUnlockedRetry,Unlocked — sending again,Kilit açıldı — yeniden gönderiliyor,
app,tr,rewardedUnlockSuccess,Unlocked! You can try again now.,Kilit açıldı! Şimdi tekrar deneyebilirsin.,
app,tr,extraMatchesMaxed,You already have the maximum extra matches for today,Bugün için zaten maksimum ekstra eşleşmeye sahipsin,
app,tr,wavesMaskedTitleCount,"{count, plural, =1{Someone waved at you} other{{count} people waved at you}}","{count, plural, =1{Biri sana el salladı} other{{count} kişi sana el salladı}}",
app,tr,visitorsMaskedTitle,"{count, plural, =1{Someone viewed your profile} other{{count} people viewed your profile}}","{count, plural, =1{Biri profilini görüntüledi} other{{count} kişi profilini görüntüledi}}",
app,tr,visitorsMaskedBody,"See who for {cost} coins, or go VIP",{cost} jetonla kim olduğunu gör ya da VIP ol,
app,tr,visitorsMaskedBodyVip,Go VIP to see who viewed your profile,Profilini kimin görüntülediğini görmek için VIP ol,
app,tr,boostDurationHm,{hours}h {minutes}m,{hours} sa {minutes} dk,
app,tr,boostDurationM,{minutes}m,{minutes} dk,
app,tr,boostEndingSoon,Ending soon,Yakında bitiyor,
app,tr,coinAmount,💎{cost},💎{cost},
app,tr,unlockedMore,Unlocked +{count} more!,+{count} daha açıldı!,
app,tr,getMoreCoins,Get more coins,Daha fazla jeton al,
app,tr,unlockFailed,Could not unlock right now.,Şu anda kilit açılamadı.,
app,tr,unlockGrantForCoins,Unlock {count} for 💎{cost},💎{cost} karşılığında {count} aç,
app,vi,referralTitle,Invite friends,Mời bạn bè,
app,vi,referralSubtitle,Earn coins when a friend joins,Nhận xu khi bạn bè tham gia,
app,vi,referralYourCode,Your invite code,Mã mời của bạn,
app,vi,referralInvitedCount,Invited: {count},Đã mời: {count},
app,vi,referralShareText,Join me on BananaTalk — practice languages with real people. Use my invite code {code}: {link},Tham gia BananaTalk cùng mình nhé — luyện ngôn ngữ với người thật. Dùng mã mời của mình {code}: {link},
app,vi,referralCopy,Copy,Sao chép,
app,vi,referralShare,Share,Chia sẻ,
app,vi,referralCopied,Copied,Đã sao chép,
app,vi,referralClaimed,You earned {coins} coins!,Bạn đã nhận được {coins} xu!,
app,vi,referralHowItWorks,"When a friend signs up with your code and completes their profile, you both get coins.","Khi bạn bè đăng ký bằng mã của bạn và hoàn tất hồ sơ, cả hai đều nhận được xu.",
app,vi,boostTitle,Boost my profile,Đẩy hồ sơ của tôi,
app,vi,boostSubtitle,Be seen by more partners for 24h,Được nhiều bạn học thấy hơn trong 24 giờ,
app,vi,boostFromMatches,Get seen by more people,Được nhiều người thấy hơn,
app,vi,boostedChip,Boosted,Đã đẩy,
app,vi,boostCapacityFull,All boost slots are taken right now — try again in a few hours,Hiện tại tất cả suất đẩy đã đầy — hãy thử lại sau vài giờ,
app,vi,extraMatchesCta,+3 more matches — {cost} coins,+3 lượt ghép nữa — {cost} xu,
app,vi,boostExplain,"Be the 6th match for everyone whose languages fit you, for 24 hours.",Trở thành lượt ghép thứ 6 của mọi người có ngôn ngữ phù hợp với bạn trong 24 giờ.,
app,vi,boostCostLine,Cost: {cost} coins,Chi phí: {cost} xu,
app,vi,boostBalanceLine,Your balance: {balance} coins,Số dư của bạn: {balance} xu,
app,vi,boostConfirm,Confirm boost,Xác nhận đẩy hồ sơ,
app,vi,boostActiveTitle,Your boost is live,Lượt đẩy của bạn đang chạy,
app,vi,boostTimeLeft,{time} left,Còn {time},
app,vi,boostSeenBy,Seen by {count} people so far,Đã có {count} người thấy,
app,vi,boostFailed,Couldn't start your boost. Please try again.,Không thể bắt đầu đẩy hồ sơ. Vui lòng thử lại.,
app,vi,rewardedLimitReached,You've used today's free unlocks for this — try again tomorrow,Bạn đã dùng hết lượt mở khóa miễn phí hôm nay cho mục này — hãy thử lại vào ngày mai,
app,vi,wavesMaskedTitle,Someone waved at you,Ai đó đã vẫy tay chào bạn,
app,vi,wavesMaskedBody,"Reveal who for {cost} coins, or go VIP","Xem đó là ai với {cost} xu, hoặc nâng cấp VIP",
app,vi,wavesMaskedBodyVip,Go VIP to see who waved at you,Nâng cấp VIP để xem ai đã vẫy tay chào bạn,
app,vi,perkAdFree,No ads,Không quảng cáo,
app,vi,perkUnlimitedMatches,Unlimited daily matches,Ghép đôi hằng ngày không giới hạn,
app,vi,perkRevealWaves,See who waved and viewed you,Xem ai đã vẫy tay và xem hồ sơ của bạn,
app,vi,perkUnlimitedWaves,Unlimited waves,Vẫy tay không giới hạn,
app,vi,perkAdvancedFilters,Advanced partner filters,Bộ lọc đối tác nâng cao,
app,vi,vipFromMatches,VIP: unlimited matches,VIP: ghép đôi không giới hạn,
app,vi,vipRemoveAds,Remove ads,Gỡ quảng cáo,
app,vi,limitUnlockedRetry,Unlocked — sending again,Đã mở khóa — đang gửi lại,
app,vi,rewardedUnlockSuccess,Unlocked! You can try again now.,Đã mở khóa! Bạn có thể thử lại ngay.,
app,vi,extraMatchesMaxed,You already have the maximum extra matches for today,Bạn đã có số lượt ghép đôi thêm tối đa cho hôm nay,
app,vi,wavesMaskedTitleCount,"{count, plural, =1{Someone waved at you} other{{count} people waved at you}}","{count, plural, =1{Có người vẫy tay chào bạn} other{{count} người vẫy tay chào bạn}}",
app,vi,visitorsMaskedTitle,"{count, plural, =1{Someone viewed your profile} other{{count} people viewed your profile}}","{count, plural, =1{Có người đã xem hồ sơ của bạn} other{{count} người đã xem hồ sơ của bạn}}",
app,vi,visitorsMaskedBody,"See who for {cost} coins, or go VIP","Xem là ai với {cost} xu, hoặc nâng cấp VIP",
app,vi,visitorsMaskedBodyVip,Go VIP to see who viewed your profile,Nâng cấp VIP để xem ai đã xem hồ sơ của bạn,
app,vi,boostDurationHm,{hours}h {minutes}m,{hours} giờ {minutes} phút,
app,vi,boostDurationM,{minutes}m,{minutes} phút,
app,vi,boostEndingSoon,Ending soon,Sắp kết thúc,
app,vi,coinAmount,💎{cost},💎{cost},
app,vi,unlockedMore,Unlocked +{count} more!,Đã mở khóa thêm {count}!,
app,vi,getMoreCoins,Get more coins,Nhận thêm xu,
app,vi,unlockFailed,Could not unlock right now.,Không thể mở khóa lúc này.,
app,vi,unlockGrantForCoins,Unlock {count} for 💎{cost},Mở khóa {count} với 💎{cost},
app,zh,referralTitle,Invite friends,邀请好友,
app,zh,referralSubtitle,Earn coins when a friend joins,好友加入即可获得金币,
app,zh,referralYourCode,Your invite code,你的邀请码,
app,zh,referralInvitedCount,Invited: {count},已邀请：{count},
app,zh,referralShareText,Join me on BananaTalk — practice languages with real people. Use my invite code {code}: {link},来 BananaTalk 和我一起吧——和真人练习语言。使用我的邀请码 {code}：{link},
app,zh,referralCopy,Copy,复制,
app,zh,referralShare,Share,分享,
app,zh,referralCopied,Copied,已复制,
app,zh,referralClaimed,You earned {coins} coins!,你获得了 {coins} 金币！,
app,zh,referralHowItWorks,"When a friend signs up with your code and completes their profile, you both get coins.",好友使用你的邀请码注册并完善个人资料后，你们双方都能获得金币。,
app,zh,boostTitle,Boost my profile,提升我的资料,
app,zh,boostSubtitle,Be seen by more partners for 24h,24 小时内被更多伙伴看到,
app,zh,boostFromMatches,Get seen by more people,让更多人看到你,
app,zh,boostedChip,Boosted,已提升,
app,zh,boostCapacityFull,All boost slots are taken right now — try again in a few hours,目前所有提升名额已满 — 请几小时后再试,
app,zh,extraMatchesCta,+3 more matches — {cost} coins,再多 3 个匹配 — {cost} 金币,
app,zh,boostExplain,"Be the 6th match for everyone whose languages fit you, for 24 hours.",在 24 小时内，成为所有语言相符用户的第 6 个匹配。,
app,zh,boostCostLine,Cost: {cost} coins,费用：{cost} 金币,
app,zh,boostBalanceLine,Your balance: {balance} coins,你的余额：{balance} 金币,
app,zh,boostConfirm,Confirm boost,确认提升,
app,zh,boostActiveTitle,Your boost is live,你的提升正在进行,
app,zh,boostTimeLeft,{time} left,剩余 {time},
app,zh,boostSeenBy,Seen by {count} people so far,目前已被 {count} 人看到,
app,zh,boostFailed,Couldn't start your boost. Please try again.,无法开始提升，请重试。,
app,zh,rewardedLimitReached,You've used today's free unlocks for this — try again tomorrow,你今天的免费解锁次数已用完——请明天再试,
app,zh,wavesMaskedTitle,Someone waved at you,有人向你打招呼,
app,zh,wavesMaskedBody,"Reveal who for {cost} coins, or go VIP",花 {cost} 金币查看是谁，或升级 VIP,
app,zh,wavesMaskedBodyVip,Go VIP to see who waved at you,升级 VIP 查看是谁向你打招呼,
app,zh,perkAdFree,No ads,无广告,
app,zh,perkUnlimitedMatches,Unlimited daily matches,每日匹配无限,
app,zh,perkRevealWaves,See who waved and viewed you,查看谁向你打招呼、谁看过你的主页,
app,zh,perkUnlimitedWaves,Unlimited waves,无限打招呼,
app,zh,perkAdvancedFilters,Advanced partner filters,高级伙伴筛选,
app,zh,vipFromMatches,VIP: unlimited matches,VIP：无限匹配,
app,zh,vipRemoveAds,Remove ads,移除广告,
app,zh,limitUnlockedRetry,Unlocked — sending again,已解锁 — 正在重新发送,
app,zh,rewardedUnlockSuccess,Unlocked! You can try again now.,已解锁！现在可以重试。,
app,zh,extraMatchesMaxed,You already have the maximum extra matches for today,你今天的额外配对已达上限,
app,zh,wavesMaskedTitleCount,"{count, plural, =1{Someone waved at you} other{{count} people waved at you}}","{count, plural, =1{有人向你打招呼} other{{count} 人向你打招呼}}",
app,zh,visitorsMaskedTitle,"{count, plural, =1{Someone viewed your profile} other{{count} people viewed your profile}}","{count, plural, =1{有人看过你的资料} other{{count} 人看过你的资料}}",
app,zh,visitorsMaskedBody,"See who for {cost} coins, or go VIP",花 {cost} 金币查看是谁，或升级 VIP,
app,zh,visitorsMaskedBodyVip,Go VIP to see who viewed your profile,升级 VIP 查看谁看过你的资料,
app,zh,boostDurationHm,{hours}h {minutes}m,{hours}小时{minutes}分钟,
app,zh,boostDurationM,{minutes}m,{minutes}分钟,
app,zh,boostEndingSoon,Ending soon,即将结束,
app,zh,coinAmount,💎{cost},💎{cost},
app,zh,unlockedMore,Unlocked +{count} more!,又解锁了 {count} 个！,
app,zh,getMoreCoins,Get more coins,获取更多金币,
app,zh,unlockFailed,Could not unlock right now.,暂时无法解锁。,
app,zh,unlockGrantForCoins,Unlock {count} for 💎{cost},用 💎{cost} 解锁 {count} 个,
app,zh_TW,referralTitle,Invite friends,邀請好友,
app,zh_TW,referralSubtitle,Earn coins when a friend joins,好友加入即可獲得金幣,
app,zh_TW,referralYourCode,Your invite code,你的邀請碼,
app,zh_TW,referralInvitedCount,Invited: {count},已邀請：{count},
app,zh_TW,referralShareText,Join me on BananaTalk — practice languages with real people. Use my invite code {code}: {link},來 BananaTalk 和我一起吧——和真人練習語言。使用我的邀請碼 {code}：{link},
app,zh_TW,referralCopy,Copy,複製,
app,zh_TW,referralShare,Share,分享,
app,zh_TW,referralCopied,Copied,已複製,
app,zh_TW,referralClaimed,You earned {coins} coins!,你獲得了 {coins} 金幣！,
app,zh_TW,referralHowItWorks,"When a friend signs up with your code and completes their profile, you both get coins.",好友使用你的邀請碼註冊並完成個人檔案後，你們雙方都能獲得金幣。,
app,zh_TW,boostTitle,Boost my profile,提升我的個人檔案,
app,zh_TW,boostSubtitle,Be seen by more partners for 24h,24 小時內被更多夥伴看到,
app,zh_TW,boostFromMatches,Get seen by more people,讓更多人看到你,
app,zh_TW,boostedChip,Boosted,已提升,
app,zh_TW,boostCapacityFull,All boost slots are taken right now — try again in a few hours,目前所有提升名額已滿 — 請幾小時後再試,
app,zh_TW,extraMatchesCta,+3 more matches — {cost} coins,再多 3 個配對 — {cost} 金幣,
app,zh_TW,boostExplain,"Be the 6th match for everyone whose languages fit you, for 24 hours.",在 24 小時內，成為所有語言相符使用者的第 6 個配對。,
app,zh_TW,boostCostLine,Cost: {cost} coins,費用：{cost} 金幣,
app,zh_TW,boostBalanceLine,Your balance: {balance} coins,你的餘額：{balance} 金幣,
app,zh_TW,boostConfirm,Confirm boost,確認提升,
app,zh_TW,boostActiveTitle,Your boost is live,你的提升正在進行,
app,zh_TW,boostTimeLeft,{time} left,剩餘 {time},
app,zh_TW,boostSeenBy,Seen by {count} people so far,目前已被 {count} 人看到,
app,zh_TW,boostFailed,Couldn't start your boost. Please try again.,無法開始提升，請重試。,
app,zh_TW,rewardedLimitReached,You've used today's free unlocks for this — try again tomorrow,你今天的免費解鎖次數已用完——請明天再試,
app,zh_TW,wavesMaskedTitle,Someone waved at you,有人向你打招呼,
app,zh_TW,wavesMaskedBody,"Reveal who for {cost} coins, or go VIP",花 {cost} 金幣查看是誰，或升級 VIP,
app,zh_TW,wavesMaskedBodyVip,Go VIP to see who waved at you,升級 VIP 查看是誰向你打招呼,
app,zh_TW,perkAdFree,No ads,無廣告,
app,zh_TW,perkUnlimitedMatches,Unlimited daily matches,每日配對無限,
app,zh_TW,perkRevealWaves,See who waved and viewed you,查看誰向你打招呼、誰看過你的個人檔案,
app,zh_TW,perkUnlimitedWaves,Unlimited waves,無限打招呼,
app,zh_TW,perkAdvancedFilters,Advanced partner filters,進階夥伴篩選,
app,zh_TW,vipFromMatches,VIP: unlimited matches,VIP：無限配對,
app,zh_TW,vipRemoveAds,Remove ads,移除廣告,
app,zh_TW,limitUnlockedRetry,Unlocked — sending again,已解鎖 — 正在重新傳送,
app,zh_TW,rewardedUnlockSuccess,Unlocked! You can try again now.,已解鎖！現在可以重試。,
app,zh_TW,extraMatchesMaxed,You already have the maximum extra matches for today,你今天的額外配對已達上限,
app,zh_TW,wavesMaskedTitleCount,"{count, plural, =1{Someone waved at you} other{{count} people waved at you}}","{count, plural, =1{有人向你打招呼} other{{count} 人向你打招呼}}",
app,zh_TW,visitorsMaskedTitle,"{count, plural, =1{Someone viewed your profile} other{{count} people viewed your profile}}","{count, plural, =1{有人看過你的個人檔案} other{{count} 人看過你的個人檔案}}",
app,zh_TW,visitorsMaskedBody,"See who for {cost} coins, or go VIP",花 {cost} 金幣查看是誰，或升級 VIP,
app,zh_TW,visitorsMaskedBodyVip,Go VIP to see who viewed your profile,升級 VIP 查看誰看過你的個人檔案,
app,zh_TW,boostDurationHm,{hours}h {minutes}m,{hours}小時{minutes}分鐘,
app,zh_TW,boostDurationM,{minutes}m,{minutes}分鐘,
app,zh_TW,boostEndingSoon,Ending soon,即將結束,
app,zh_TW,coinAmount,💎{cost},💎{cost},
app,zh_TW,unlockedMore,Unlocked +{count} more!,又解鎖了 {count} 個！,
app,zh_TW,getMoreCoins,Get more coins,取得更多金幣,
app,zh_TW,unlockFailed,Could not unlock right now.,暫時無法解鎖。,
app,zh_TW,unlockGrantForCoins,Unlock {count} for 💎{cost},用 💎{cost} 解鎖 {count} 個,
notification_templates,ar,daily_matches.title,Your 6 matches for today are ready,اقتراحاتك الستة لهذا اليوم جاهزة,
notification_templates,ar,daily_matches.body,Say hi to someone who speaks the language you are learning.,ألقِ التحية على من يتحدث اللغة التي تتعلمها.,
notification_templates,ar,lifecycle_online.title,{partner} is online right now,{partner} متصل الآن,
notification_templates,ar,lifecycle_online.body,Great match for you — say hi while they are here.,مناسب لك جدًا — ألقِ التحية وهو موجود.,
notification_templates,ar,lifecycle_waves.title,{count} people waved at you,لوّح لك {count} أشخاص,
notification_templates,ar,lifecycle_waves.body,Wave back and start practicing.,رُدّ بالتلويح وابدأ الممارسة.,
notification_templates,ar,lifecycle_waves_one.title,A person waved at you,لوّح لك شخص,
notification_templates,ar,lifecycle_waves_one.body,Wave back and start practicing.,رُدّ بالتلويح وابدأ الممارسة.,
notification_templates,ar,boost_receipt.title,Your boost ended: {impressions} views,Your boost ended: {impressions} views,
notification_templates,ar,boost_receipt.body,Your profile was shown {impressions} times while boosted.,Your profile was shown {impressions} times while boosted.,
notification_templates,de,daily_matches.title,Your 6 matches for today are ready,,
notification_templates,de,daily_matches.body,Say hi to someone who speaks the language you are learning.,,
notification_templates,de,lifecycle_online.title,{partner} is online right now,,
notification_templates,de,lifecycle_online.body,Great match for you — say hi while they are here.,,
notification_templates,de,lifecycle_waves.title,{count} people waved at you,,
notification_templates,de,lifecycle_waves.body,Wave back and start practicing.,,
notification_templates,de,lifecycle_waves_one.title,A person waved at you,,
notification_templates,de,lifecycle_waves_one.body,Wave back and start practicing.,,
notification_templates,de,boost_receipt.title,Your boost ended: {impressions} views,Your boost ended: {impressions} views,
notification_templates,de,boost_receipt.body,Your profile was shown {impressions} times while boosted.,Your profile was shown {impressions} times while boosted.,
notification_templates,es,daily_matches.title,Your 6 matches for today are ready,,
notification_templates,es,daily_matches.body,Say hi to someone who speaks the language you are learning.,,
notification_templates,es,lifecycle_online.title,{partner} is online right now,,
notification_templates,es,lifecycle_online.body,Great match for you — say hi while they are here.,,
notification_templates,es,lifecycle_waves.title,{count} people waved at you,,
notification_templates,es,lifecycle_waves.body,Wave back and start practicing.,,
notification_templates,es,lifecycle_waves_one.title,A person waved at you,,
notification_templates,es,lifecycle_waves_one.body,Wave back and start practicing.,,
notification_templates,es,boost_receipt.title,Your boost ended: {impressions} views,Your boost ended: {impressions} views,
notification_templates,es,boost_receipt.body,Your profile was shown {impressions} times while boosted.,Your profile was shown {impressions} times while boosted.,
notification_templates,fr,daily_matches.title,Your 6 matches for today are ready,Vos 6 suggestions du jour sont prêtes,
notification_templates,fr,daily_matches.body,Say hi to someone who speaks the language you are learning.,Dites bonjour à quelqu'un qui parle la langue que vous apprenez.,
notification_templates,fr,lifecycle_online.title,{partner} is online right now,{partner} est en ligne maintenant,
notification_templates,fr,lifecycle_online.body,Great match for you — say hi while they are here.,Une bonne correspondance — dites bonjour pendant qu'iel est là.,
notification_templates,fr,lifecycle_waves.title,{count} people waved at you,{count} personnes vous ont fait signe,
notification_templates,fr,lifecycle_waves.body,Wave back and start practicing.,Répondez par un signe et commencez à pratiquer.,
notification_templates,fr,lifecycle_waves_one.title,A person waved at you,Quelqu'un vous a fait signe,
notification_templates,fr,lifecycle_waves_one.body,Wave back and start practicing.,Répondez par un signe et commencez à pratiquer.,
notification_templates,fr,boost_receipt.title,Your boost ended: {impressions} views,Your boost ended: {impressions} views,
notification_templates,fr,boost_receipt.body,Your profile was shown {impressions} times while boosted.,Your profile was shown {impressions} times while boosted.,
notification_templates,hi,daily_matches.title,Your 6 matches for today are ready,,
notification_templates,hi,daily_matches.body,Say hi to someone who speaks the language you are learning.,,
notification_templates,hi,lifecycle_online.title,{partner} is online right now,,
notification_templates,hi,lifecycle_online.body,Great match for you — say hi while they are here.,,
notification_templates,hi,lifecycle_waves.title,{count} people waved at you,,
notification_templates,hi,lifecycle_waves.body,Wave back and start practicing.,,
notification_templates,hi,lifecycle_waves_one.title,A person waved at you,,
notification_templates,hi,lifecycle_waves_one.body,Wave back and start practicing.,,
notification_templates,hi,boost_receipt.title,Your boost ended: {impressions} views,Your boost ended: {impressions} views,
notification_templates,hi,boost_receipt.body,Your profile was shown {impressions} times while boosted.,Your profile was shown {impressions} times while boosted.,
notification_templates,id,daily_matches.title,Your 6 matches for today are ready,,
notification_templates,id,daily_matches.body,Say hi to someone who speaks the language you are learning.,,
notification_templates,id,lifecycle_online.title,{partner} is online right now,,
notification_templates,id,lifecycle_online.body,Great match for you — say hi while they are here.,,
notification_templates,id,lifecycle_waves.title,{count} people waved at you,,
notification_templates,id,lifecycle_waves.body,Wave back and start practicing.,,
notification_templates,id,lifecycle_waves_one.title,A person waved at you,,
notification_templates,id,lifecycle_waves_one.body,Wave back and start practicing.,,
notification_templates,id,boost_receipt.title,Your boost ended: {impressions} views,Your boost ended: {impressions} views,
notification_templates,id,boost_receipt.body,Your profile was shown {impressions} times while boosted.,Your profile was shown {impressions} times while boosted.,
notification_templates,it,daily_matches.title,Your 6 matches for today are ready,,
notification_templates,it,daily_matches.body,Say hi to someone who speaks the language you are learning.,,
notification_templates,it,lifecycle_online.title,{partner} is online right now,,
notification_templates,it,lifecycle_online.body,Great match for you — say hi while they are here.,,
notification_templates,it,lifecycle_waves.title,{count} people waved at you,,
notification_templates,it,lifecycle_waves.body,Wave back and start practicing.,,
notification_templates,it,lifecycle_waves_one.title,A person waved at you,,
notification_templates,it,lifecycle_waves_one.body,Wave back and start practicing.,,
notification_templates,it,boost_receipt.title,Your boost ended: {impressions} views,Your boost ended: {impressions} views,
notification_templates,it,boost_receipt.body,Your profile was shown {impressions} times while boosted.,Your profile was shown {impressions} times while boosted.,
notification_templates,ja,daily_matches.title,Your 6 matches for today are ready,今日のおすすめ6人が届きました,
notification_templates,ja,daily_matches.body,Say hi to someone who speaks the language you are learning.,学んでいる言語を話す人にあいさつしてみましょう。,
notification_templates,ja,lifecycle_online.title,{partner} is online right now,{partner}さんが今オンラインです,
notification_templates,ja,lifecycle_online.body,Great match for you — say hi while they are here.,あなたにぴったりの相手です。今のうちにあいさつを。,
notification_templates,ja,lifecycle_waves.title,{count} people waved at you,{count}人があなたに手を振りました,
notification_templates,ja,lifecycle_waves.body,Wave back and start practicing.,手を振り返して練習を始めましょう。,
notification_templates,ja,lifecycle_waves_one.title,A person waved at you,誰かがあなたに手を振りました,
notification_templates,ja,lifecycle_waves_one.body,Wave back and start practicing.,手を振り返して練習を始めましょう。,
notification_templates,ja,boost_receipt.title,Your boost ended: {impressions} views,Your boost ended: {impressions} views,
notification_templates,ja,boost_receipt.body,Your profile was shown {impressions} times while boosted.,Your profile was shown {impressions} times while boosted.,
notification_templates,ko,daily_matches.title,Your 6 matches for today are ready,오늘의 추천 친구 6명이 준비됐어요,
notification_templates,ko,daily_matches.body,Say hi to someone who speaks the language you are learning.,배우는 언어를 쓰는 친구에게 인사해 보세요.,
notification_templates,ko,lifecycle_online.title,{partner} is online right now,{partner}님이 지금 접속 중이에요,
notification_templates,ko,lifecycle_online.body,Great match for you — say hi while they are here.,나와 잘 맞는 친구예요. 지금 인사해 보세요.,
notification_templates,ko,lifecycle_waves.title,{count} people waved at you,{count}명이 손을 흔들었어요,
notification_templates,ko,lifecycle_waves.body,Wave back and start practicing.,같이 흔들어 주고 연습을 시작해 보세요.,
notification_templates,ko,lifecycle_waves_one.title,A person waved at you,누군가 손을 흔들었어요,
notification_templates,ko,lifecycle_waves_one.body,Wave back and start practicing.,같이 흔들어 주고 연습을 시작해 보세요.,
notification_templates,ko,boost_receipt.title,Your boost ended: {impressions} views,Your boost ended: {impressions} views,
notification_templates,ko,boost_receipt.body,Your profile was shown {impressions} times while boosted.,Your profile was shown {impressions} times while boosted.,
notification_templates,pt,daily_matches.title,Your 6 matches for today are ready,,
notification_templates,pt,daily_matches.body,Say hi to someone who speaks the language you are learning.,,
notification_templates,pt,lifecycle_online.title,{partner} is online right now,,
notification_templates,pt,lifecycle_online.body,Great match for you — say hi while they are here.,,
notification_templates,pt,lifecycle_waves.title,{count} people waved at you,,
notification_templates,pt,lifecycle_waves.body,Wave back and start practicing.,,
notification_templates,pt,lifecycle_waves_one.title,A person waved at you,,
notification_templates,pt,lifecycle_waves_one.body,Wave back and start practicing.,,
notification_templates,pt,boost_receipt.title,Your boost ended: {impressions} views,Your boost ended: {impressions} views,
notification_templates,pt,boost_receipt.body,Your profile was shown {impressions} times while boosted.,Your profile was shown {impressions} times while boosted.,
notification_templates,ru,daily_matches.title,Your 6 matches for today are ready,Ваши 6 рекомендаций на сегодня готовы,
notification_templates,ru,daily_matches.body,Say hi to someone who speaks the language you are learning.,"Поприветствуйте того, кто говорит на языке, который вы учите.",
notification_templates,ru,lifecycle_online.title,{partner} is online right now,{partner} сейчас онлайн,
notification_templates,ru,lifecycle_online.body,Great match for you — say hi while they are here.,"Отличное совпадение — поздоровайтесь, пока человек на связи.",
notification_templates,ru,lifecycle_waves.title,{count} people waved at you,Вам помахали: {count},
notification_templates,ru,lifecycle_waves.body,Wave back and start practicing.,Помашите в ответ и начните практику.,
notification_templates,ru,lifecycle_waves_one.title,A person waved at you,Вам помахали,
notification_templates,ru,lifecycle_waves_one.body,Wave back and start practicing.,Помашите в ответ и начните практику.,
notification_templates,ru,boost_receipt.title,Your boost ended: {impressions} views,Your boost ended: {impressions} views,
notification_templates,ru,boost_receipt.body,Your profile was shown {impressions} times while boosted.,Your profile was shown {impressions} times while boosted.,
notification_templates,tg,daily_matches.title,Your 6 matches for today are ready,,
notification_templates,tg,daily_matches.body,Say hi to someone who speaks the language you are learning.,,
notification_templates,tg,lifecycle_online.title,{partner} is online right now,,
notification_templates,tg,lifecycle_online.body,Great match for you — say hi while they are here.,,
notification_templates,tg,lifecycle_waves.title,{count} people waved at you,,
notification_templates,tg,lifecycle_waves.body,Wave back and start practicing.,,
notification_templates,tg,lifecycle_waves_one.title,A person waved at you,,
notification_templates,tg,lifecycle_waves_one.body,Wave back and start practicing.,,
notification_templates,tg,boost_receipt.title,Your boost ended: {impressions} views,Your boost ended: {impressions} views,
notification_templates,tg,boost_receipt.body,Your profile was shown {impressions} times while boosted.,Your profile was shown {impressions} times while boosted.,
notification_templates,th,daily_matches.title,Your 6 matches for today are ready,,
notification_templates,th,daily_matches.body,Say hi to someone who speaks the language you are learning.,,
notification_templates,th,lifecycle_online.title,{partner} is online right now,,
notification_templates,th,lifecycle_online.body,Great match for you — say hi while they are here.,,
notification_templates,th,lifecycle_waves.title,{count} people waved at you,,
notification_templates,th,lifecycle_waves.body,Wave back and start practicing.,,
notification_templates,th,lifecycle_waves_one.title,A person waved at you,,
notification_templates,th,lifecycle_waves_one.body,Wave back and start practicing.,,
notification_templates,th,boost_receipt.title,Your boost ended: {impressions} views,Your boost ended: {impressions} views,
notification_templates,th,boost_receipt.body,Your profile was shown {impressions} times while boosted.,Your profile was shown {impressions} times while boosted.,
notification_templates,tl,daily_matches.title,Your 6 matches for today are ready,,
notification_templates,tl,daily_matches.body,Say hi to someone who speaks the language you are learning.,,
notification_templates,tl,lifecycle_online.title,{partner} is online right now,,
notification_templates,tl,lifecycle_online.body,Great match for you — say hi while they are here.,,
notification_templates,tl,lifecycle_waves.title,{count} people waved at you,,
notification_templates,tl,lifecycle_waves.body,Wave back and start practicing.,,
notification_templates,tl,lifecycle_waves_one.title,A person waved at you,,
notification_templates,tl,lifecycle_waves_one.body,Wave back and start practicing.,,
notification_templates,tl,boost_receipt.title,Your boost ended: {impressions} views,Your boost ended: {impressions} views,
notification_templates,tl,boost_receipt.body,Your profile was shown {impressions} times while boosted.,Your profile was shown {impressions} times while boosted.,
notification_templates,tr,daily_matches.title,Your 6 matches for today are ready,,
notification_templates,tr,daily_matches.body,Say hi to someone who speaks the language you are learning.,,
notification_templates,tr,lifecycle_online.title,{partner} is online right now,,
notification_templates,tr,lifecycle_online.body,Great match for you — say hi while they are here.,,
notification_templates,tr,lifecycle_waves.title,{count} people waved at you,,
notification_templates,tr,lifecycle_waves.body,Wave back and start practicing.,,
notification_templates,tr,lifecycle_waves_one.title,A person waved at you,,
notification_templates,tr,lifecycle_waves_one.body,Wave back and start practicing.,,
notification_templates,tr,boost_receipt.title,Your boost ended: {impressions} views,Your boost ended: {impressions} views,
notification_templates,tr,boost_receipt.body,Your profile was shown {impressions} times while boosted.,Your profile was shown {impressions} times while boosted.,
notification_templates,vi,daily_matches.title,Your 6 matches for today are ready,,
notification_templates,vi,daily_matches.body,Say hi to someone who speaks the language you are learning.,,
notification_templates,vi,lifecycle_online.title,{partner} is online right now,,
notification_templates,vi,lifecycle_online.body,Great match for you — say hi while they are here.,,
notification_templates,vi,lifecycle_waves.title,{count} people waved at you,,
notification_templates,vi,lifecycle_waves.body,Wave back and start practicing.,,
notification_templates,vi,lifecycle_waves_one.title,A person waved at you,,
notification_templates,vi,lifecycle_waves_one.body,Wave back and start practicing.,,
notification_templates,vi,boost_receipt.title,Your boost ended: {impressions} views,Your boost ended: {impressions} views,
notification_templates,vi,boost_receipt.body,Your profile was shown {impressions} times while boosted.,Your profile was shown {impressions} times while boosted.,
notification_templates,zh,daily_matches.title,Your 6 matches for today are ready,你今天的6位推荐好友已就绪,
notification_templates,zh,daily_matches.body,Say hi to someone who speaks the language you are learning.,向会说你所学语言的人打个招呼吧。,
notification_templates,zh,lifecycle_online.title,{partner} is online right now,{partner}现在在线,
notification_templates,zh,lifecycle_online.body,Great match for you — say hi while they are here.,与你非常匹配，趁对方在线打个招呼吧。,
notification_templates,zh,lifecycle_waves.title,{count} people waved at you,有{count}人向你挥手,
notification_templates,zh,lifecycle_waves.body,Wave back and start practicing.,挥手回应，开始练习吧。,
notification_templates,zh,lifecycle_waves_one.title,A person waved at you,有人向你挥手,
notification_templates,zh,lifecycle_waves_one.body,Wave back and start practicing.,挥手回应，开始练习吧。,
notification_templates,zh,boost_receipt.title,Your boost ended: {impressions} views,Your boost ended: {impressions} views,
notification_templates,zh,boost_receipt.body,Your profile was shown {impressions} times while boosted.,Your profile was shown {impressions} times while boosted.,
notification_templates,zh_TW,daily_matches.title,Your 6 matches for today are ready,你今天的6位推薦好友已就緒,
notification_templates,zh_TW,daily_matches.body,Say hi to someone who speaks the language you are learning.,向會說你所學語言的人打個招呼吧。,
notification_templates,zh_TW,lifecycle_online.title,{partner} is online right now,{partner}現在在線,
notification_templates,zh_TW,lifecycle_online.body,Great match for you — say hi while they are here.,與你非常匹配，趁對方在線打個招呼吧。,
notification_templates,zh_TW,lifecycle_waves.title,{count} people waved at you,有{count}人向你揮手,
notification_templates,zh_TW,lifecycle_waves.body,Wave back and start practicing.,揮手回應，開始練習吧。,
notification_templates,zh_TW,lifecycle_waves_one.title,A person waved at you,有人向你揮手,
notification_templates,zh_TW,lifecycle_waves_one.body,Wave back and start practicing.,揮手回應，開始練習吧。,
notification_templates,zh_TW,boost_receipt.title,Your boost ended: {impressions} views,Your boost ended: {impressions} views,
notification_templates,zh_TW,boost_receipt.body,Your profile was shown {impressions} times while boosted.,Your profile was shown {impressions} times while boosted.,
email_templates,ar,lifecycle.day1.subject,Your 6 matches for today are ready,اقتراحاتك الستة لهذا اليوم جاهزة,
email_templates,ar,lifecycle.day1.heading,Your matches are ready,اقتراحاتك جاهزة,
email_templates,ar,lifecycle.day1.p1,We picked 6 people who speak the language you're learning and want to practice yours.,اخترنا لك 6 أشخاص يتحدثون اللغة التي تتعلمها ويريدون ممارسة لغتك.,
email_templates,ar,lifecycle.day1.p2,Say hi to one of them — a single wave is all it takes.,ألقِ التحية على أحدهم، تكفي إشارة واحدة.,
email_templates,ar,lifecycle.day1.cta,See today's matches,عرض اقتراحات اليوم,
email_templates,ar,lifecycle.day1.text,"Hi {userName}, your 6 matches for today are ready. See them: {url}",مرحبًا {userName}، اقتراحاتك الستة لهذا اليوم جاهزة: {url},
email_templates,ar,lifecycle.day3.subject,{partner} is online right now,{partner} متصل الآن,
email_templates,ar,lifecycle.day3.heading,{partner} is online,{partner} متصل,
email_templates,ar,lifecycle.day3.p1,{partner} is a great match for you and is online right now.,{partner} مناسب لك جدًا وهو متصل الآن.,
email_templates,ar,lifecycle.day3.p2,Start a conversation while they're here.,ابدأ المحادثة وهو موجود.,
email_templates,ar,lifecycle.day3.cta,Say hi to {partner},ألقِ التحية على {partner},
email_templates,ar,lifecycle.day3.text,"Hi {userName}, {partner} is online right now and is a great match for you. Say hi: {url}",مرحبًا {userName}، {partner} متصل الآن: {url},
email_templates,ar,lifecycle.day7.subject,{count} people waved at you,لوّح لك {count} أشخاص,
email_templates,ar,lifecycle.day7.heading,People are waiting to hear from you,أشخاص ينتظرون ردك,
email_templates,ar,lifecycle.day7.p1,{count} people waved at you and are waiting for a reply.,لوّح لك {count} أشخاص وهم ينتظرون الرد.,
email_templates,ar,lifecycle.day7.p2,Wave back and start practicing.,رُدّ بالتلويح وابدأ الممارسة.,
email_templates,ar,lifecycle.day7.cta,See who waved,اعرف من لوّح لك,
email_templates,ar,lifecycle.day7.text,"Hi {userName}, {count} people waved at you on Bananatalk. See who: {url}",مرحبًا {userName}، لوّح لك {count} أشخاص: {url},
email_templates,ar,lifecycle.day7_one.subject,A person waved at you,لوّح لك شخص,
email_templates,ar,lifecycle.day7_one.heading,A person is waiting to hear from you,شخص ينتظر ردك,
email_templates,ar,lifecycle.day7_one.p1,A person waved at you and is waiting for a reply.,لوّح لك شخص وهو ينتظر الرد.,
email_templates,ar,lifecycle.day7_one.p2,Wave back and start practicing.,رُدّ بالتلويح وابدأ الممارسة.,
email_templates,ar,lifecycle.day7_one.cta,See who waved,اعرف من لوّح لك,
email_templates,ar,lifecycle.day7_one.text,"Hi {userName}, a person waved at you on Bananatalk. See who: {url}",مرحبًا {userName}، لوّح لك شخص: {url},
email_templates,fr,lifecycle.day1.subject,Your 6 matches for today are ready,Vos 6 suggestions du jour sont prêtes,
email_templates,fr,lifecycle.day1.heading,Your matches are ready,Vos suggestions sont prêtes,
email_templates,fr,lifecycle.day1.p1,We picked 6 people who speak the language you're learning and want to practice yours.,Nous avons choisi 6 personnes qui parlent la langue que vous apprenez et veulent pratiquer la vôtre.,
email_templates,fr,lifecycle.day1.p2,Say hi to one of them — a single wave is all it takes.,Dites bonjour à l'une d'elles : un simple signe suffit.,
email_templates,fr,lifecycle.day1.cta,See today's matches,Voir les suggestions du jour,
email_templates,fr,lifecycle.day1.text,"Hi {userName}, your 6 matches for today are ready. See them: {url}","Bonjour {userName}, vos 6 suggestions du jour sont prêtes : {url}",
email_templates,fr,lifecycle.day3.subject,{partner} is online right now,{partner} est en ligne maintenant,
email_templates,fr,lifecycle.day3.heading,{partner} is online,{partner} est en ligne,
email_templates,fr,lifecycle.day3.p1,{partner} is a great match for you and is online right now.,{partner} correspond bien à votre profil et est en ligne maintenant.,
email_templates,fr,lifecycle.day3.p2,Start a conversation while they're here.,Lancez la conversation pendant qu'iel est là.,
email_templates,fr,lifecycle.day3.cta,Say hi to {partner},Dire bonjour à {partner},
email_templates,fr,lifecycle.day3.text,"Hi {userName}, {partner} is online right now and is a great match for you. Say hi: {url}","Bonjour {userName}, {partner} est en ligne maintenant. Dites bonjour : {url}",
email_templates,fr,lifecycle.day7.subject,{count} people waved at you,{count} personnes vous ont fait signe,
email_templates,fr,lifecycle.day7.heading,People are waiting to hear from you,Des personnes attendent votre réponse,
email_templates,fr,lifecycle.day7.p1,{count} people waved at you and are waiting for a reply.,{count} personnes vous ont fait signe et attendent une réponse.,
email_templates,fr,lifecycle.day7.p2,Wave back and start practicing.,Répondez par un signe et commencez à pratiquer.,
email_templates,fr,lifecycle.day7.cta,See who waved,Voir qui vous a fait signe,
email_templates,fr,lifecycle.day7.text,"Hi {userName}, {count} people waved at you on Bananatalk. See who: {url}","Bonjour {userName}, {count} personnes vous ont fait signe : {url}",
email_templates,fr,lifecycle.day7_one.subject,A person waved at you,Une personne vous a fait signe,
email_templates,fr,lifecycle.day7_one.heading,A person is waiting to hear from you,Une personne attend votre réponse,
email_templates,fr,lifecycle.day7_one.p1,A person waved at you and is waiting for a reply.,Une personne vous a fait signe et attend une réponse.,
email_templates,fr,lifecycle.day7_one.p2,Wave back and start practicing.,Répondez par un signe et commencez à pratiquer.,
email_templates,fr,lifecycle.day7_one.cta,See who waved,Voir qui vous a fait signe,
email_templates,fr,lifecycle.day7_one.text,"Hi {userName}, a person waved at you on Bananatalk. See who: {url}","Bonjour {userName}, une personne vous a fait signe : {url}",
email_templates,ja,lifecycle.day1.subject,Your 6 matches for today are ready,今日のおすすめ6人が届きました,
email_templates,ja,lifecycle.day1.heading,Your matches are ready,おすすめが届きました,
email_templates,ja,lifecycle.day1.p1,We picked 6 people who speak the language you're learning and want to practice yours.,あなたが学ぶ言語を話し、あなたの言語を練習したい6人を選びました。,
email_templates,ja,lifecycle.day1.p2,Say hi to one of them — a single wave is all it takes.,誰かにあいさつしてみましょう。手を振るだけでOKです。,
email_templates,ja,lifecycle.day1.cta,See today's matches,今日のおすすめを見る,
email_templates,ja,lifecycle.day1.text,"Hi {userName}, your 6 matches for today are ready. See them: {url}",{userName}さん、今日のおすすめ6人が届きました: {url},
email_templates,ja,lifecycle.day3.subject,{partner} is online right now,{partner}さんが今オンラインです,
email_templates,ja,lifecycle.day3.heading,{partner} is online,{partner}さんがオンライン,
email_templates,ja,lifecycle.day3.p1,{partner} is a great match for you and is online right now.,{partner}さんはあなたにぴったりで、今オンラインです。,
email_templates,ja,lifecycle.day3.p2,Start a conversation while they're here.,今のうちに会話を始めましょう。,
email_templates,ja,lifecycle.day3.cta,Say hi to {partner},{partner}さんにあいさつ,
email_templates,ja,lifecycle.day3.text,"Hi {userName}, {partner} is online right now and is a great match for you. Say hi: {url}",{userName}さん、{partner}さんが今オンラインです: {url},
email_templates,ja,lifecycle.day7.subject,{count} people waved at you,{count}人があなたに手を振りました,
email_templates,ja,lifecycle.day7.heading,People are waiting to hear from you,返事を待っている人がいます,
email_templates,ja,lifecycle.day7.p1,{count} people waved at you and are waiting for a reply.,{count}人があなたに手を振り、返事を待っています。,
email_templates,ja,lifecycle.day7.p2,Wave back and start practicing.,手を振り返して練習を始めましょう。,
email_templates,ja,lifecycle.day7.cta,See who waved,誰が振ったか見る,
email_templates,ja,lifecycle.day7.text,"Hi {userName}, {count} people waved at you on Bananatalk. See who: {url}",{userName}さん、{count}人があなたに手を振りました: {url},
email_templates,ja,lifecycle.day7_one.subject,A person waved at you,1人があなたに手を振りました,
email_templates,ja,lifecycle.day7_one.heading,A person is waiting to hear from you,返事を待っている人がいます,
email_templates,ja,lifecycle.day7_one.p1,A person waved at you and is waiting for a reply.,1人があなたに手を振り、返事を待っています。,
email_templates,ja,lifecycle.day7_one.p2,Wave back and start practicing.,手を振り返して練習を始めましょう。,
email_templates,ja,lifecycle.day7_one.cta,See who waved,誰が振ったか見る,
email_templates,ja,lifecycle.day7_one.text,"Hi {userName}, a person waved at you on Bananatalk. See who: {url}",{userName}さん、1人があなたに手を振りました: {url},
email_templates,ko,lifecycle.day1.subject,Your 6 matches for today are ready,오늘의 추천 친구 6명이 준비됐어요,
email_templates,ko,lifecycle.day1.heading,Your matches are ready,추천 친구가 도착했어요,
email_templates,ko,lifecycle.day1.p1,We picked 6 people who speak the language you're learning and want to practice yours.,배우는 언어를 쓰고 내 언어를 연습하고 싶은 6명을 골랐어요.,
email_templates,ko,lifecycle.day1.p2,Say hi to one of them — a single wave is all it takes.,한 명에게 인사해 보세요. 손 흔들기 한 번이면 충분해요.,
email_templates,ko,lifecycle.day1.cta,See today's matches,오늘의 추천 보기,
email_templates,ko,lifecycle.day1.text,"Hi {userName}, your 6 matches for today are ready. See them: {url}","{userName}님, 오늘의 추천 친구 6명이 준비됐어요: {url}",
email_templates,ko,lifecycle.day3.subject,{partner} is online right now,{partner}님이 지금 접속 중이에요,
email_templates,ko,lifecycle.day3.heading,{partner} is online,{partner}님이 접속 중이에요,
email_templates,ko,lifecycle.day3.p1,{partner} is a great match for you and is online right now.,{partner}님은 나와 잘 맞는 친구이고 지금 온라인이에요.,
email_templates,ko,lifecycle.day3.p2,Start a conversation while they're here.,지금 대화를 시작해 보세요.,
email_templates,ko,lifecycle.day3.cta,Say hi to {partner},{partner}님에게 인사하기,
email_templates,ko,lifecycle.day3.text,"Hi {userName}, {partner} is online right now and is a great match for you. Say hi: {url}","{userName}님, {partner}님이 지금 온라인이에요. 인사해 보세요: {url}",
email_templates,ko,lifecycle.day7.subject,{count} people waved at you,{count}명이 손을 흔들었어요,
email_templates,ko,lifecycle.day7.heading,People are waiting to hear from you,답장을 기다리는 사람들이 있어요,
email_templates,ko,lifecycle.day7.p1,{count} people waved at you and are waiting for a reply.,{count}명이 나에게 손을 흔들고 답장을 기다리고 있어요.,
email_templates,ko,lifecycle.day7.p2,Wave back and start practicing.,같이 흔들어 주고 연습을 시작해 보세요.,
email_templates,ko,lifecycle.day7.cta,See who waved,누가 흔들었는지 보기,
email_templates,ko,lifecycle.day7.text,"Hi {userName}, {count} people waved at you on Bananatalk. See who: {url}","{userName}님, {count}명이 손을 흔들었어요: {url}",
email_templates,ko,lifecycle.day7_one.subject,A person waved at you,1명이 손을 흔들었어요,
email_templates,ko,lifecycle.day7_one.heading,A person is waiting to hear from you,답장을 기다리는 사람이 있어요,
email_templates,ko,lifecycle.day7_one.p1,A person waved at you and is waiting for a reply.,1명이 나에게 손을 흔들고 답장을 기다리고 있어요.,
email_templates,ko,lifecycle.day7_one.p2,Wave back and start practicing.,같이 흔들어 주고 연습을 시작해 보세요.,
email_templates,ko,lifecycle.day7_one.cta,See who waved,누가 흔들었는지 보기,
email_templates,ko,lifecycle.day7_one.text,"Hi {userName}, a person waved at you on Bananatalk. See who: {url}","{userName}님, 1명이 손을 흔들었어요: {url}",
email_templates,ru,lifecycle.day1.subject,Your 6 matches for today are ready,Ваши 6 рекомендаций на сегодня готовы,
email_templates,ru,lifecycle.day1.heading,Your matches are ready,Рекомендации готовы,
email_templates,ru,lifecycle.day1.p1,We picked 6 people who speak the language you're learning and want to practice yours.,"Мы подобрали 6 людей, которые говорят на языке, который вы учите, и хотят практиковать ваш.",
email_templates,ru,lifecycle.day1.p2,Say hi to one of them — a single wave is all it takes.,Поприветствуйте одного из них — достаточно одного взмаха руки.,
email_templates,ru,lifecycle.day1.cta,See today's matches,Смотреть рекомендации,
email_templates,ru,lifecycle.day1.text,"Hi {userName}, your 6 matches for today are ready. See them: {url}","{userName}, ваши 6 рекомендаций на сегодня готовы: {url}",
email_templates,ru,lifecycle.day3.subject,{partner} is online right now,{partner} сейчас онлайн,
email_templates,ru,lifecycle.day3.heading,{partner} is online,{partner} онлайн,
email_templates,ru,lifecycle.day3.p1,{partner} is a great match for you and is online right now.,{partner} отлично вам подходит и сейчас онлайн.,
email_templates,ru,lifecycle.day3.p2,Start a conversation while they're here.,"Начните разговор, пока человек на связи.",
email_templates,ru,lifecycle.day3.cta,Say hi to {partner},Поприветствовать {partner},
email_templates,ru,lifecycle.day3.text,"Hi {userName}, {partner} is online right now and is a great match for you. Say hi: {url}","{userName}, {partner} сейчас онлайн. Поздоровайтесь: {url}",
email_templates,ru,lifecycle.day7.subject,{count} people waved at you,Вам помахали: {count},
email_templates,ru,lifecycle.day7.heading,People are waiting to hear from you,Вас ждут,
email_templates,ru,lifecycle.day7.p1,{count} people waved at you and are waiting for a reply.,"Вам помахали {count} чел., и они ждут ответа.",
email_templates,ru,lifecycle.day7.p2,Wave back and start practicing.,Помашите в ответ и начните практику.,
email_templates,ru,lifecycle.day7.cta,See who waved,"Посмотреть, кто помахал",
email_templates,ru,lifecycle.day7.text,"Hi {userName}, {count} people waved at you on Bananatalk. See who: {url}","{userName}, вам помахали {count} чел.: {url}",
email_templates,ru,lifecycle.day7_one.subject,A person waved at you,Вам помахал один человек,
email_templates,ru,lifecycle.day7_one.heading,A person is waiting to hear from you,Вас ждут,
email_templates,ru,lifecycle.day7_one.p1,A person waved at you and is waiting for a reply.,"Вам помахал один человек, и он ждёт ответа.",
email_templates,ru,lifecycle.day7_one.p2,Wave back and start practicing.,Помашите в ответ и начните практику.,
email_templates,ru,lifecycle.day7_one.cta,See who waved,"Посмотреть, кто помахал",
email_templates,ru,lifecycle.day7_one.text,"Hi {userName}, a person waved at you on Bananatalk. See who: {url}","{userName}, вам помахал один человек: {url}",
email_templates,zh,lifecycle.day1.subject,Your 6 matches for today are ready,你今天的6位推荐好友已就绪,
email_templates,zh,lifecycle.day1.heading,Your matches are ready,你的推荐已就绪,
email_templates,zh,lifecycle.day1.p1,We picked 6 people who speak the language you're learning and want to practice yours.,我们挑选了6位会说你正在学的语言、也想练习你母语的人。,
email_templates,zh,lifecycle.day1.p2,Say hi to one of them — a single wave is all it takes.,向其中一位打个招呼吧，挥一下手就够了。,
email_templates,zh,lifecycle.day1.cta,See today's matches,查看今日推荐,
email_templates,zh,lifecycle.day1.text,"Hi {userName}, your 6 matches for today are ready. See them: {url}",{userName}，你今天的6位推荐好友已就绪：{url},
email_templates,zh,lifecycle.day3.subject,{partner} is online right now,{partner}现在在线,
email_templates,zh,lifecycle.day3.heading,{partner} is online,{partner}在线,
email_templates,zh,lifecycle.day3.p1,{partner} is a great match for you and is online right now.,{partner}与你非常匹配，而且现在在线。,
email_templates,zh,lifecycle.day3.p2,Start a conversation while they're here.,趁对方在线，开始聊天吧。,
email_templates,zh,lifecycle.day3.cta,Say hi to {partner},向{partner}打招呼,
email_templates,zh,lifecycle.day3.text,"Hi {userName}, {partner} is online right now and is a great match for you. Say hi: {url}",{userName}，{partner}现在在线，快去打个招呼：{url},
email_templates,zh,lifecycle.day7.subject,{count} people waved at you,有{count}人向你挥手,
email_templates,zh,lifecycle.day7.heading,People are waiting to hear from you,有人在等你回应,
email_templates,zh,lifecycle.day7.p1,{count} people waved at you and are waiting for a reply.,有{count}人向你挥手，正在等你回复。,
email_templates,zh,lifecycle.day7.p2,Wave back and start practicing.,挥手回应，开始练习吧。,
email_templates,zh,lifecycle.day7.cta,See who waved,看看是谁,
email_templates,zh,lifecycle.day7.text,"Hi {userName}, {count} people waved at you on Bananatalk. See who: {url}",{userName}，有{count}人向你挥手：{url},
email_templates,zh,lifecycle.day7_one.subject,A person waved at you,有1人向你挥手,
email_templates,zh,lifecycle.day7_one.heading,A person is waiting to hear from you,有人在等你回应,
email_templates,zh,lifecycle.day7_one.p1,A person waved at you and is waiting for a reply.,有1人向你挥手，正在等你回复。,
email_templates,zh,lifecycle.day7_one.p2,Wave back and start practicing.,挥手回应，开始练习吧。,
email_templates,zh,lifecycle.day7_one.cta,See who waved,看看是谁,
email_templates,zh,lifecycle.day7_one.text,"Hi {userName}, a person waved at you on Bananatalk. See who: {url}",{userName}，有1人向你挥手：{url},
email_templates,zh_TW,lifecycle.day1.subject,Your 6 matches for today are ready,你今天的6位推薦好友已就緒,
email_templates,zh_TW,lifecycle.day1.heading,Your matches are ready,你的推薦已就緒,
email_templates,zh_TW,lifecycle.day1.p1,We picked 6 people who speak the language you're learning and want to practice yours.,我們挑選了6位會說你正在學的語言、也想練習你母語的人。,
email_templates,zh_TW,lifecycle.day1.p2,Say hi to one of them — a single wave is all it takes.,向其中一位打個招呼吧，揮一下手就夠了。,
email_templates,zh_TW,lifecycle.day1.cta,See today's matches,查看今日推薦,
email_templates,zh_TW,lifecycle.day1.text,"Hi {userName}, your 6 matches for today are ready. See them: {url}",{userName}，你今天的6位推薦好友已就緒：{url},
email_templates,zh_TW,lifecycle.day3.subject,{partner} is online right now,{partner}現在在線,
email_templates,zh_TW,lifecycle.day3.heading,{partner} is online,{partner}在線,
email_templates,zh_TW,lifecycle.day3.p1,{partner} is a great match for you and is online right now.,{partner}與你非常匹配，而且現在在線。,
email_templates,zh_TW,lifecycle.day3.p2,Start a conversation while they're here.,趁對方在線，開始聊天吧。,
email_templates,zh_TW,lifecycle.day3.cta,Say hi to {partner},向{partner}打招呼,
email_templates,zh_TW,lifecycle.day3.text,"Hi {userName}, {partner} is online right now and is a great match for you. Say hi: {url}",{userName}，{partner}現在在線，快去打個招呼：{url},
email_templates,zh_TW,lifecycle.day7.subject,{count} people waved at you,有{count}人向你揮手,
email_templates,zh_TW,lifecycle.day7.heading,People are waiting to hear from you,有人在等你回應,
email_templates,zh_TW,lifecycle.day7.p1,{count} people waved at you and are waiting for a reply.,有{count}人向你揮手，正在等你回覆。,
email_templates,zh_TW,lifecycle.day7.p2,Wave back and start practicing.,揮手回應，開始練習吧。,
email_templates,zh_TW,lifecycle.day7.cta,See who waved,看看是誰,
email_templates,zh_TW,lifecycle.day7.text,"Hi {userName}, {count} people waved at you on Bananatalk. See who: {url}",{userName}，有{count}人向你揮手：{url},
email_templates,zh_TW,lifecycle.day7_one.subject,A person waved at you,有1人向你揮手,
email_templates,zh_TW,lifecycle.day7_one.heading,A person is waiting to hear from you,有人在等你回應,
email_templates,zh_TW,lifecycle.day7_one.p1,A person waved at you and is waiting for a reply.,有1人向你揮手，正在等你回覆。,
email_templates,zh_TW,lifecycle.day7_one.p2,Wave back and start practicing.,揮手回應，開始練習吧。,
email_templates,zh_TW,lifecycle.day7_one.cta,See who waved,看看是誰,
email_templates,zh_TW,lifecycle.day7_one.text,"Hi {userName}, a person waved at you on Bananatalk. See who: {url}",{userName}，有1人向你揮手：{url},
